,count,pop_count,user_hist,pop_fraq,pop_item_fraq
26521,5,4,5,0.8,0.00963172804532578
197425,5,4,5,0.8,0.006484104501101669
253563,5,4,5,0.8,0.00626377085300598
50972,5,4,5,0.8,0.011646207113629209
82720,5,4,5,0.8,0.01076487252124646
198046,20,16,20,0.8,0.013267233238904625
116249,5,4,5,0.8,0.008907774630154233
50539,5,4,5,0.8,0.012716399118665409
91428,5,4,5,0.8,0.0058545797922568464
114075,5,4,5,0.8,0.013943972300912811
240272,5,4,5,0.8,0.01104815864022663
104705,5,4,5,0.8,0.004784387787220648
96493,5,4,5,0.8,0.004186339313818068
104796,5,4,5,0.8,0.008907774630154235
105317,5,4,5,0.8,0.01359773371104816
96320,10,8,10,0.8,0.012102612527541707
239834,5,4,5,0.8,0.00396600566572238
106078,5,4,5,0.8,0.010922253698457665
244925,5,4,5,0.8,0.006169342146679257
245128,5,4,5,0.8,0.004469625432798238
239670,5,4,5,0.8,0.008435631098520618
106388,5,4,5,0.8,0.016336166194523136
188799,10,8,10,0.8,0.011299968523764557
189005,5,4,5,0.8,0.010103871576959396
107288,5,4,5,0.8,0.0055712936732766755
189235,5,4,5,0.8,0.00368271954674221
41058,5,4,5,0.8,0.007806106389675794
239020,5,4,5,0.8,0.005445388731507712
246175,5,4,5,0.8,0.007459867799811143
189747,5,4,5,0.8,0.012086874409820585
189891,5,4,5,0.8,0.010544538873150771
246230,5,4,5,0.8,0.016304689959080892
94519,5,4,5,0.8,0.01111111111111111
186547,5,4,5,0.8,0.00909663204280768
38679,5,4,5,0.8,0.01794145420207743
38661,5,4,5,0.8,0.006956248032735285
34588,30,24,30,0.8,0.01054453887315077
242458,5,4,5,0.8,0.015769593956562793
36357,5,4,5,0.8,0.014856783128737805
183740,5,4,5,0.8,0.008687440982058547
100984,5,4,5,0.8,0.008593012275731822
184918,5,4,5,0.8,0.007869058860560278
100066,5,4,5,0.8,0.007239534151715454
101081,5,4,5,0.8,0.011835064526282656
101091,5,4,5,0.8,0.0061063896757947754
35925,5,4,5,0.8,0.01706011960969468
183134,5,4,5,0.8,0.003619767075857728
35865,5,4,5,0.8,0.006515580736543909
238639,5,4,5,0.8,0.013125590179414542
35793,5,4,5,0.8,0.010607491344035254
37584,5,4,5,0.8,0.008404154863078375
182847,10,8,10,0.8,0.015564998426188229
102019,5,4,5,0.8,0.009033679571923197
37691,5,4,5,0.8,0.01532892666037142
241214,5,4,5,0.8,0.009977966635190433
35270,5,4,5,0.8,0.013345923827510231
34840,5,4,5,0.8,0.008655964746616306
243863,5,4,5,0.8,0.004091910607491344
185497,5,4,5,0.8,0.009285489455461126
37822,5,4,5,0.8,0.01819326408561536
99068,5,4,5,0.8,0.007050676739062007
37556,10,8,10,0.8,0.005587031790997797
46154,5,4,5,0.8,0.009757632987094745
31681,5,4,5,0.8,0.005162102612527542
175794,5,4,5,0.8,0.007050676739062009
250301,5,4,5,0.8,0.009600251809883536
193769,10,8,10,0.8,0.01251180358829084
236044,5,4,5,0.8,0.006358199559332704
236025,5,4,5,0.8,0.006452628265659429
91058,20,16,20,0.8,0.008766131570664148
250494,5,4,5,0.8,0.007774630154233554
250506,5,4,5,0.8,0.005980484734025811
194027,5,4,5,0.8,0.0036827195467422093
112148,5,4,5,0.8,0.007428391564368903
194205,5,4,5,0.8,0.008907774630154233
250851,5,4,5,0.8,0.0084985835694051
90915,5,4,5,0.8,0.009191060749134405
45078,5,4,5,0.8,0.007428391564368903
194425,5,4,5,0.8,0.013881019830028329
28177,45,36,45,0.8,0.00946735214912741
171055,5,4,5,0.8,0.006893295561850803
194639,5,4,5,0.8,0.008372678627636135
251149,5,4,5,0.8,0.01765816808309726
45444,5,4,5,0.8,0.008939250865596476
27956,5,4,5,0.8,0.014321687126219704
234901,5,4,5,0.8,0.004910292728989614
170850,5,4,5,0.8,0.015140069247717974
113657,10,8,10,0.8,0.009694680516210263
171999,5,4,5,0.8,0.009033679571923197
250219,5,4,5,0.8,0.008372678627636135
193448,5,4,5,0.8,0.007837582625118036
28731,5,4,5,0.8,0.01161473087818697
247518,5,4,5,0.8,0.004658482845451685
30972,35,28,35,0.8,0.010256756149107425
175271,10,8,10,0.8,0.011567516525023608
30968,5,4,5,0.8,0.013094113943972302
238010,5,4,5,0.8,0.011709159584513693
247998,5,4,5,0.8,0.005036197670758577
109014,5,4,5,0.8,0.007428391564368901
109276,5,4,5,0.8,0.006074913440352534
191775,5,4,5,0.8,0.006861819326408562
93105,5,4,5,0.8,0.00793201133144476
174326,25,20,25,0.8,0.012143531633616622
108158,5,4,5,0.8,0.017374881964117093
237397,5,4,5,0.8,0.007837582625118035
192353,10,8,10,0.8,0.010890777463015422
173835,10,8,10,0.8,0.0055712936732766755
29539,5,4,5,0.8,0.010072395341517154
192696,5,4,5,0.8,0.008844822159269752
43163,10,8,10,0.8,0.020412338684293364
29094,5,4,5,0.8,0.008907774630154235
92278,5,4,5,0.8,0.01932640856153604
43595,5,4,5,0.8,0.012716399118665409
172374,5,4,5,0.8,0.009820585457979227
111536,5,4,5,0.8,0.011866540761724897
28945,5,4,5,0.8,0.0078061063896757935
109901,55,44,55,0.8,0.007188027584628151
228652,5,4,5,0.8,0.008057916273213724
242361,10,8,10,0.8,0.0076959395656279505
270069,10,8,10,0.8,0.008718917217500788
206438,15,12,15,0.8,0.008152344979540446
147851,5,4,5,0.8,0.007774630154233554
206877,5,4,5,0.8,0.010890777463015425
207275,10,8,10,0.8,0.009238275102297765
207291,5,4,5,0.8,0.01277935158954989
224209,5,4,5,0.8,0.015612212779351592
130581,10,8,10,0.8,0.006924771797293043
61354,5,4,5,0.8,0.004973245199874095
274111,5,4,5,0.8,0.004343720491029273
223977,5,4,5,0.8,0.005067673906200819
76105,5,4,5,0.8,0.008561536040289582
207686,5,4,5,0.8,0.012684922883223166
61283,5,4,5,0.8,0.005980484734025811
207860,5,4,5,0.8,0.0048473402581051305
132203,5,4,5,0.8,0.01224425558703179
223768,5,4,5,0.8,0.014951211835064527
148344,5,4,5,0.8,0.008246773685867171
132716,5,4,5,0.8,0.006389675794774945
207350,5,4,5,0.8,0.01076487252124646
269114,5,4,5,0.8,0.0084985835694051
267334,5,4,5,0.8,0.008026440037771481
147528,5,4,5,0.8,0.009505823103556816
55562,5,4,5,0.8,0.003871576959395657
126824,5,4,5,0.8,0.00853005980484734
72183,5,4,5,0.8,0.009537299338999055
127122,5,4,5,0.8,0.0053509600251809885
266268,30,24,30,0.8,0.008220543489665302
266299,5,4,5,0.8,0.00683034309096632
266807,10,8,10,0.8,0.006846081208687441
69023,5,4,5,0.8,0.010040919106074913
128732,15,12,15,0.8,0.007869058860560276
146699,5,4,5,0.8,0.010198300283286117
61835,5,4,5,0.8,0.007743153918791312
212719,5,4,5,0.8,0.008593012275731822
155778,20,16,20,0.8,0.009261882278879445
56246,5,4,5,0.8,0.009222536984576646
77816,5,4,5,0.8,0.010670443814919736
56623,5,4,5,0.8,0.012527541706011964
155343,5,4,5,0.8,0.006421152030217187
267256,5,4,5,0.8,0.007176581680830974
55826,5,4,5,0.8,0.008026440037771483
57960,5,4,5,0.8,0.0056027699087189175
211944,5,4,5,0.8,0.014321687126219701
152651,15,12,15,0.8,0.016682404784387785
151738,5,4,5,0.8,0.029430280138495434
9568,5,4,5,0.8,0.006484104501101669
73363,5,4,5,0.8,0.008152344979540448
221309,5,4,5,0.8,0.009568775574441296
151483,5,4,5,0.8,0.004186339313818068
222372,5,4,5,0.8,0.012873780295876613
71181,5,4,5,0.8,0.007648725212464588
71183,5,4,5,0.8,0.00878186968838527
270226,5,4,5,0.8,0.010198300283286119
60412,5,4,5,0.8,0.00538243626062323
60040,5,4,5,0.8,0.0056657223796034
60130,5,4,5,0.8,0.01391249606547057
272385,5,4,5,0.8,0.013031161473087818
151122,5,4,5,0.8,0.010418633931381807
222034,5,4,5,0.8,0.007743153918791312
271284,5,4,5,0.8,0.008593012275731823
8487,5,4,5,0.8,0.008120868744098206
60253,5,4,5,0.8,0.009852061693421468
8930,5,4,5,0.8,0.00453257790368272
270211,5,4,5,0.8,0.010009442870632672
73548,5,4,5,0.8,0.005760151085930122
222788,5,4,5,0.8,0.008593012275731822
220635,5,4,5,0.8,0.006389675794774945
273063,5,4,5,0.8,0.007239534151715454
132981,5,4,5,0.8,0.005319483789738748
60905,5,4,5,0.8,0.010607491344035254
136014,5,4,5,0.8,0.01863393138180674
208468,5,4,5,0.8,0.003903053194837898
74743,5,4,5,0.8,0.00988353792886371
60703,5,4,5,0.8,0.01790997796663519
149231,10,8,10,0.8,0.018696883852691217
74571,5,4,5,0.8,0.008152344979540448
133738,10,8,10,0.8,0.006373937677053824
8089,5,4,5,0.8,0.008718917217500788
208788,5,4,5,0.8,0.009757632987094743
221008,5,4,5,0.8,0.008781869688385268
152036,5,4,5,0.8,0.008750393452943027
269808,5,4,5,0.8,0.018413597733711047
272423,5,4,5,0.8,0.009128108278249922
221186,5,4,5,0.8,0.005728674850487881
73795,5,4,5,0.8,0.013345923827510231
137143,5,4,5,0.8,0.010103871576959397
68886,10,8,10,0.8,0.008986465218759837
219530,5,4,5,0.8,0.006861819326408562
160381,5,4,5,0.8,0.007208057916273214
144017,5,4,5,0.8,0.007837582625118036
227146,5,4,5,0.8,0.008435631098520618
203973,5,4,5,0.8,0.009254013220018887
203213,5,4,5,0.8,0.012433112999685237
160393,5,4,5,0.8,0.010292728989612842
213369,5,4,5,0.8,0.006515580736543909
66680,55,44,55,0.8,0.006827481615017026
218379,5,4,5,0.8,0.007428391564368903
80820,10,8,10,0.8,0.007774630154233552
215942,5,4,5,0.8,0.00793201133144476
63507,10,8,10,0.8,0.007318224740321058
144632,5,4,5,0.8,0.004941768964431855
264985,5,4,5,0.8,0.008089392508655964
20115,5,4,5,0.8,0.010135347812401638
54547,5,4,5,0.8,0.006452628265659429
217811,10,8,10,0.8,0.007223796033994335
215388,10,8,10,0.8,0.01082782499213094
203844,5,4,5,0.8,0.008057916273213724
18096,5,4,5,0.8,0.005760151085930123
217270,5,4,5,0.8,0.007491344035253385
227681,10,8,10,0.8,0.017673906200818382
277439,5,4,5,0.8,0.018854265029902423
143400,5,4,5,0.8,0.00827824992130941
139359,25,20,25,0.8,0.01012905256531319
203598,10,8,10,0.8,0.012417374881964116
217496,5,4,5,0.8,0.004595530374567202
138330,5,4,5,0.8,0.005130626377085301
262666,5,4,5,0.8,0.014101353478124015
124298,15,12,15,0.8,0.013902003986989823
217512,5,4,5,0.8,0.005476864966949954
1261,5,4,5,0.8,0.013723638652817125
125216,10,8,10,0.8,0.008923512747875355
227327,5,4,5,0.8,0.02543279823733081
66518,10,8,10,0.8,0.006310985206169342
215753,5,4,5,0.8,0.01598992760465848
125171,5,4,5,0.8,0.008939250865596476
204333,5,4,5,0.8,0.00994649039974819
138425,5,4,5,0.8,0.005067673906200818
218689,5,4,5,0.8,0.006893295561850803
204660,5,4,5,0.8,0.018948693736229146
67544,5,4,5,0.8,0.014164305949008499
55097,5,4,5,0.8,0.008404154863078375
261185,5,4,5,0.8,0.006547056971986151
225989,10,8,10,0.8,0.016005665722379603
146175,10,8,10,0.8,0.011268492288322317
159647,5,4,5,0.8,0.009915014164305949
141704,5,4,5,0.8,0.007994963802329242
67627,15,12,15,0.8,0.007942503409925507
159455,5,4,5,0.8,0.009002203336480958
205426,5,4,5,0.8,0.007208057916273214
68081,5,4,5,0.8,0.011835064526282656
205520,5,4,5,0.8,0.0097261567516525
53140,5,4,5,0.8,0.012559017941454203
79182,5,4,5,0.8,0.005980484734025811
213760,10,8,10,0.8,0.009836323575700346
275383,5,4,5,0.8,0.00966320428076802
16798,5,4,5,0.8,0.007869058860560278
16949,5,4,5,0.8,0.007869058860560278
139706,5,4,5,0.8,0.011866540761724897
204452,5,4,5,0.8,0.007302486622599936
216955,5,4,5,0.8,0.005949008498583569
126072,5,4,5,0.8,0.0046270066100094435
265383,5,4,5,0.8,0.006484104501101667
145887,5,4,5,0.8,0.004847340258105131
123801,5,4,5,0.8,0.018885741265344664
204455,5,4,5,0.8,0.007806106389675794
203392,5,4,5,0.8,0.010418633931381807
81333,5,4,5,0.8,0.005508341202392194
65238,5,4,5,0.8,0.010638967579477493
98904,51,41,51,0.803921568627451,0.00886272041079573
215988,41,33,41,0.8048780487804879,0.009124269712952085
141710,36,29,36,0.8055555555555556,0.010505193578847969
243930,31,25,31,0.8064516129032258,0.010133317087534392
95173,26,21,26,0.8076923076923077,0.008934408367836131
103336,26,21,26,0.8076923076923077,0.011513038425219727
99720,21,17,21,0.8095238095238095,0.009900025480762027
260897,42,34,42,0.8095238095238095,0.012388146949053467
33818,42,34,42,0.8095238095238095,0.009169327157995715
259035,21,17,21,0.8095238095238095,0.010971716354152613
134311,16,13,16,0.8125,0.01020026754800126
8362,16,13,16,0.8125,0.007495278564683664
216670,16,13,16,0.8125,0.013416745357255273
71752,16,13,16,0.8125,0.012413440352533837
253949,16,13,16,0.8125,0.00827234812716399
248468,16,13,16,0.8125,0.013288873150771166
112083,16,13,16,0.8125,0.013947906830343092
137211,16,13,16,0.8125,0.009413361661945232
232990,16,13,16,0.8125,0.012403604028958137
87949,16,13,16,0.8125,0.0066100094428706326
225938,16,13,16,0.8125,0.01083962858042178
149661,16,13,16,0.8125,0.008901872836008814
274325,16,13,16,0.8125,0.011410135347812402
138844,43,35,43,0.813953488372093,0.011082562897570475
201447,27,22,27,0.8148148148148148,0.00750183611373413
195904,27,22,27,0.8148148148148148,0.012042574522901875
105979,77,63,77,0.8181818181818182,0.012506693809809956
183952,11,9,11,0.8181818181818182,0.011374366898446219
97208,11,9,11,0.8181818181818182,0.007454144847912555
41364,11,9,11,0.8181818181818182,0.008927804961799296
103304,11,9,11,0.8181818181818182,0.007067845594757775
273976,22,18,22,0.8181818181818182,0.00972186453772856
245534,11,9,11,0.8181818181818182,0.008813345923827511
38703,11,9,11,0.8181818181818182,0.014293072366726755
177157,11,9,11,0.8181818181818182,0.010000858442784788
94529,11,9,11,0.8181818181818182,0.00796921051878559
137684,11,9,11,0.8181818181818182,0.008040747417517957
140340,11,9,11,0.8181818181818182,0.011488825936418005
65791,11,9,11,0.8181818181818182,0.00947148539216528
86969,11,9,11,0.8181818181818182,0.011588977594643318
208960,11,9,11,0.8181818181818182,0.013577703379403096
77491,11,9,11,0.8181818181818182,0.006781697999828313
225066,11,9,11,0.8181818181818182,0.006910464417546572
126492,99,81,99,0.8181818181818182,0.008994572733949503
48268,11,9,11,0.8181818181818182,0.013978310012304346
172512,22,18,22,0.8181818181818182,0.0161959538730077
55006,11,9,11,0.8181818181818182,0.011360059518699747
269386,11,9,11,0.8181818181818182,0.01566658082238819
134403,11,9,11,0.8181818181818182,0.008012132658025008
74665,11,9,11,0.8181818181818182,0.011345752138953271
257492,11,9,11,0.8181818181818182,0.008999341860531664
162311,11,9,11,0.8181818181818182,0.012204194923741663
230496,11,9,11,0.8181818181818182,0.007411222708673133
203900,11,9,11,0.8181818181818182,0.007954903139039118
151098,11,9,11,0.8181818181818182,0.0061950954302229105
202127,11,9,11,0.8181818181818182,0.00917103041748934
49842,11,9,11,0.8181818181818182,0.008241050733968582
161882,11,9,11,0.8181818181818182,0.00801213265802501
181687,50,41,50,0.82,0.010390305319483787
193676,28,23,28,0.8214285714285714,0.012995188632582397
263325,28,23,28,0.8214285714285714,0.015350285534421512
111174,28,23,28,0.8214285714285714,0.008818966680156482
168816,17,14,17,0.8235294117647058,0.014451295154511285
144038,34,28,34,0.8235294117647058,0.008211594363902314
107021,17,14,17,0.8235294117647058,0.0060730618970912245
32148,17,14,17,0.8235294117647058,0.010637116036216185
253005,17,14,17,0.8235294117647058,0.013886574459812255
159822,17,14,17,0.8235294117647058,0.011516599085337628
93092,34,28,34,0.8235294117647058,0.00875317076783499
162376,17,14,17,0.8235294117647058,0.0130718954248366
73056,17,14,17,0.8235294117647058,0.011988742616971245
209974,17,14,17,0.8235294117647058,0.009350293469606915
29855,17,14,17,0.8235294117647058,0.012775648503027273
106768,23,19,23,0.8260869565217391,0.008690178046010045
201776,23,19,23,0.8260869565217391,0.010606122812059506
81318,23,19,23,0.8260869565217391,0.013829015614949843
259259,23,19,23,0.8260869565217391,0.013377400062952472
21011,29,24,29,0.8275862068965517,0.011027536279074818
100459,58,48,58,0.8275862068965517,0.009532415095568365
30081,18,15,18,0.8333333333333334,0.009731402790892876
143809,12,10,12,0.8333333333333334,0.012734760256006715
120155,6,5,6,0.8333333333333334,0.014400377714825304
264284,6,5,6,0.8333333333333334,0.0123019620186759
2139,6,5,6,0.8333333333333334,0.006032945126429545
108827,6,5,6,0.8333333333333334,0.008341202392193894
257212,6,5,6,0.8333333333333334,0.01403315496799916
264464,6,5,6,0.8333333333333334,0.00805267023397335
264600,6,5,6,0.8333333333333334,0.009101878082048055
23652,12,10,12,0.8333333333333334,0.0070952680726051815
159946,6,5,6,0.8333333333333334,0.009364180044066731
34600,12,10,12,0.8333333333333334,0.004603399433427762
144997,6,5,6,0.8333333333333334,0.008314972195992025
119418,6,5,6,0.8333333333333334,0.008708425139020039
126053,6,5,6,0.8333333333333334,0.016393872626167243
247855,6,5,6,0.8333333333333334,0.021036617353897807
118654,6,5,6,0.8333333333333334,0.011042912600986256
135398,6,5,6,0.8333333333333334,0.011357674955408667
18203,6,5,6,0.8333333333333334,0.011278984366803064
164518,6,5,6,0.8333333333333334,0.016079110271744832
182599,6,5,6,0.8333333333333334,0.017364389885636346
8570,6,5,6,0.8333333333333334,0.007711677683349072
260967,6,5,6,0.8333333333333334,0.004931276885951107
141888,6,5,6,0.8333333333333334,0.01209212044906096
261037,6,5,6,0.8333333333333334,0.01130521456300493
140410,6,5,6,0.8333333333333334,0.010072395341517153
101041,6,5,6,0.8333333333333334,0.010570769069352637
142671,6,5,6,0.8333333333333334,0.00598048473402581
162121,6,5,6,0.8333333333333334,0.007082152974504249
134900,6,5,6,0.8333333333333334,0.019226733815968945
174501,6,5,6,0.8333333333333334,0.008131360822578952
30749,6,5,6,0.8333333333333334,0.008000209841569616
121592,6,5,6,0.8333333333333334,0.005062427866960445
143388,6,5,6,0.8333333333333334,0.010072395341517154
101336,6,5,6,0.8333333333333334,0.011724897702234812
161252,6,5,6,0.8333333333333334,0.01731192949323261
277710,6,5,6,0.8333333333333334,0.006137865911237016
277623,6,5,6,0.8333333333333334,0.005272269436575386
161250,6,5,6,0.8333333333333334,0.00891826670863498
161234,12,10,12,0.8333333333333334,0.007869058860560278
120345,6,5,6,0.8333333333333334,0.004459133354317491
161677,6,5,6,0.8333333333333334,0.006190326303640752
4334,6,5,6,0.8333333333333334,0.006557549050466897
28448,6,5,6,0.8333333333333334,0.006059175322631414
255858,6,5,6,0.8333333333333334,0.008551043961808833
136943,6,5,6,0.8333333333333334,0.01012485573392089
260699,12,10,12,0.8333333333333334,0.010793725737068514
27317,6,5,6,0.8333333333333334,0.010675689854160111
176785,6,5,6,0.8333333333333334,0.0151348232084776
267621,6,5,6,0.8333333333333334,0.007528066309935998
245446,6,5,6,0.8333333333333334,0.01403315496799916
170255,6,5,6,0.8333333333333334,0.008865806316231246
7569,6,5,6,0.8333333333333334,0.005455880809988458
130978,6,5,6,0.8333333333333334,0.014111845556604762
27891,6,5,6,0.8333333333333334,0.004721435316336165
252287,12,10,12,0.8333333333333334,0.006767390620081838
131655,6,5,6,0.8333333333333334,0.009521561221277935
132392,12,10,12,0.8333333333333334,0.013613471828769277
31688,6,5,6,0.8333333333333334,0.008682194942818173
11788,6,5,6,0.8333333333333334,0.010806840835169447
107921,6,5,6,0.8333333333333334,0.00577064316441087
250939,6,5,6,0.8333333333333334,0.010413387892141433
11708,6,5,6,0.8333333333333334,0.01655125380337845
133557,6,5,6,0.8333333333333334,0.007554296506137865
171846,6,5,6,0.8333333333333334,0.011908509075647887
269702,6,5,6,0.8333333333333334,0.006977232189696779
31714,6,5,6,0.8333333333333334,0.007055922778302383
28091,6,5,6,0.8333333333333334,0.013324939670548736
152082,6,5,6,0.8333333333333334,0.011829818487042282
156342,6,5,6,0.8333333333333334,0.00978386318329661
169781,6,5,6,0.8333333333333334,0.013115098100933795
103577,6,5,6,0.8333333333333334,0.007554296506137865
166639,6,5,6,0.8333333333333334,0.013167558493337528
166646,6,5,6,0.8333333333333334,0.005901794145420208
247537,6,5,6,0.8333333333333334,0.006373937677053825
118434,6,5,6,0.8333333333333334,0.006688700031476236
16818,6,5,6,0.8333333333333334,0.010649459657958242
167272,6,5,6,0.8333333333333334,0.005429650613786591
244456,6,5,6,0.8333333333333334,0.011698667506032946
254859,6,5,6,0.8333333333333334,0.016393872626167243
16755,6,5,6,0.8333333333333334,0.014006924771797291
15046,6,5,6,0.8333333333333334,0.006583779246668764
175536,6,5,6,0.8333333333333334,0.007318224740321057
109287,6,5,6,0.8333333333333334,0.007213303955513588
168805,6,5,6,0.8333333333333334,0.006373937677053825
247166,6,5,6,0.8333333333333334,0.015502045955303747
6611,12,10,12,0.8333333333333334,0.0068723114048893095
16488,12,10,12,0.8333333333333334,0.009980589654810619
172119,12,10,12,0.8333333333333334,0.010819955933270382
253482,12,10,12,0.8333333333333334,0.015161053404679466
176459,12,10,12,0.8333333333333334,0.012144580841464692
108197,6,5,6,0.8333333333333334,0.0070821529745042485
147045,6,5,6,0.8333333333333334,0.01589549889833176
275154,18,15,18,0.8333333333333334,0.011121603189591859
118528,6,5,6,0.8333333333333334,0.010387157695939566
106862,6,5,6,0.8333333333333334,0.007003462385898646
92524,6,5,6,0.8333333333333334,0.00839366278459763
228477,6,5,6,0.8333333333333334,0.014295456930017837
44295,6,5,6,0.8333333333333334,0.008000209841569616
222677,6,5,6,0.8333333333333334,0.016813555765397125
59390,12,10,12,0.8333333333333334,0.008813345923827511
91931,6,5,6,0.8333333333333334,0.012275731822474033
201760,6,5,6,0.8333333333333334,0.0066100094428706326
209765,6,5,6,0.8333333333333334,0.006190326303640751
193106,6,5,6,0.8333333333333334,0.013429860455356208
210097,6,5,6,0.8333333333333334,0.0169971671388102
51359,6,5,6,0.8333333333333334,0.00750183611373413
192245,18,15,18,0.8333333333333334,0.010194802923792537
71786,12,10,12,0.8333333333333334,0.013128213199034728
221687,6,5,6,0.8333333333333334,0.009915014164305949
202000,6,5,6,0.8333333333333334,0.006846081208687442
211231,12,10,12,0.8333333333333334,0.010833071031371313
191014,12,10,12,0.8333333333333334,0.007855943762459345
70435,6,5,6,0.8333333333333334,0.01046584828454517
220608,6,5,6,0.8333333333333334,0.01109537299338999
190422,6,5,6,0.8333333333333334,0.006295247088448221
94396,6,5,6,0.8333333333333334,0.00978386318329661
212252,12,10,12,0.8333333333333334,0.008249396705487357
52159,12,10,12,0.8333333333333334,0.010819955933270382
52425,6,5,6,0.8333333333333334,0.021823523239953836
41080,6,5,6,0.8333333333333334,0.011698667506032946
61759,6,5,6,0.8333333333333334,0.012800335746511382
239067,6,5,6,0.8333333333333334,0.008603504354212569
69012,6,5,6,0.8333333333333334,0.008262511803588292
96055,6,5,6,0.8333333333333334,0.013088867904731927
96194,6,5,6,0.8333333333333334,0.00739691532892666
236030,6,5,6,0.8333333333333334,0.004511593746721225
44727,6,5,6,0.8333333333333334,0.0072133039555135866
44728,18,15,18,0.8333333333333334,0.007632987094743467
75028,6,5,6,0.8333333333333334,0.017416850278040078
84427,6,5,6,0.8333333333333334,0.017180778512223268
200508,6,5,6,0.8333333333333334,0.01206589025285909
54290,6,5,6,0.8333333333333334,0.007029692582100514
199981,6,5,6,0.8333333333333334,0.007475605917532263
80323,6,5,6,0.8333333333333334,0.007632987094743468
86051,6,5,6,0.8333333333333334,0.010256006714930226
86170,6,5,6,0.8333333333333334,0.0035673066834539923
79958,6,5,6,0.8333333333333334,0.010937991816178785
86819,6,5,6,0.8333333333333334,0.009967474556709686
86906,6,5,6,0.8333333333333334,0.01815129577169237
232103,6,5,6,0.8333333333333334,0.012957716923722587
55751,18,15,18,0.8333333333333334,0.010535795474416817
48929,6,5,6,0.8333333333333334,0.00577064316441087
86932,6,5,6,0.8333333333333334,0.0060067149302276785
219035,6,5,6,0.8333333333333334,0.010151085930122757
55799,24,20,24,0.8333333333333334,0.012118350645262824
205992,6,5,6,0.8333333333333334,0.003934529430280139
203621,6,5,6,0.8333333333333334,0.011488825936418005
227422,6,5,6,0.8333333333333334,0.013823313398384218
224626,6,5,6,0.8333333333333334,0.013875773790787955
77517,6,5,6,0.8333333333333334,0.007764138075752806
224159,12,10,12,0.8333333333333334,0.011462595740216137
224146,12,10,12,0.8333333333333334,0.008905151610534049
89057,6,5,6,0.8333333333333334,0.013639702024971147
57302,6,5,6,0.8333333333333334,0.008629734550414438
234647,6,5,6,0.8333333333333334,0.008760885531423774
75330,6,5,6,0.8333333333333334,0.008446123177001365
194669,12,10,12,0.8333333333333334,0.009193683768754589
235059,6,5,6,0.8333333333333334,0.016393872626167243
223554,6,5,6,0.8333333333333334,0.01361347182876928
232492,6,5,6,0.8333333333333334,0.0057444129682090025
39441,12,10,12,0.8333333333333334,0.006400167873255692
50504,6,5,6,0.8333333333333334,0.007082152974504249
66591,6,5,6,0.8333333333333334,0.006111635715035149
215359,6,5,6,0.8333333333333334,0.016498793410974714
98320,6,5,6,0.8333333333333334,0.012774105550309516
37244,6,5,6,0.8333333333333334,0.011252754170601195
241799,6,5,6,0.8333333333333334,0.007528066309935998
215693,6,5,6,0.8333333333333334,0.00480012590494177
218844,6,5,6,0.8333333333333334,0.00999370475291155
99204,6,5,6,0.8333333333333334,0.009888783968104081
100053,6,5,6,0.8333333333333334,0.009521561221277935
214686,6,5,6,0.8333333333333334,0.006872311404889309
184789,12,10,12,0.8333333333333334,0.014374147518623438
216877,6,5,6,0.8333333333333334,0.014872521246458924
202182,6,5,6,0.8333333333333334,0.005796873360612739
216781,12,10,12,0.8333333333333334,0.010531423775049835
63360,12,10,12,0.8333333333333334,0.010898646521875983
242247,6,5,6,0.8333333333333334,0.010596999265554507
218636,6,5,6,0.8333333333333334,0.018675899695729723
53365,6,5,6,0.8333333333333334,0.008472353373203232
93453,25,21,25,0.84,0.008857412653446648
223431,25,21,25,0.84,0.00824047843877872
273086,19,16,19,0.8421052631578947,0.012772725013667312
220688,57,48,57,0.8421052631578947,0.011673817846473276
21484,19,16,19,0.8421052631578947,0.009782482646654406
190374,19,16,19,0.8421052631578947,0.009815615526067294
264543,32,27,32,0.84375,0.01192162417374882
174914,13,11,13,0.8461538461538461,0.01213045688966369
136326,26,22,26,0.8461538461538461,0.008304883658991308
247240,26,22,26,0.8461538461538461,0.015913658264933052
238419,13,11,13,0.8461538461538461,0.0058109973124137425
175254,13,11,13,0.8461538461538461,0.012977893997724026
63938,13,11,13,0.8461538461538461,0.01114985109319387
237064,13,11,13,0.8461538461538461,0.008946514612236991
138777,13,11,13,0.8461538461538461,0.012675237887702476
251164,26,22,26,0.8461538461538461,0.010701920050361977
130950,13,11,13,0.8461538461538461,0.011597782136025763
167614,13,11,13,0.8461538461538461,0.01627079247475848
255092,13,11,13,0.8461538461538461,0.009503401854676642
54898,13,11,13,0.8461538461538461,0.009769739231495603
178914,13,11,13,0.8461538461538461,0.010750345027965427
165582,13,11,13,0.8461538461538461,0.011924650734849036
62895,13,11,13,0.8461538461538461,0.008474371080603376
42597,13,11,13,0.8461538461538461,0.015253867945086073
38995,13,11,13,0.8461538461538461,0.013643737439771434
217121,20,17,20,0.85,0.008868429335851432
244657,20,17,20,0.85,0.013715769593956562
32599,20,17,20,0.85,0.008742524394082468
62542,20,17,20,0.85,0.010119609694680518
94818,7,6,7,0.8571428571428571,0.007104635999820135
28096,7,6,7,0.8571428571428571,0.009937497189621836
269140,7,6,7,0.8571428571428571,0.007914024911192051
201641,14,12,14,0.8571428571428571,0.015378389316066374
112818,7,6,7,0.8571428571428571,0.016817302936283106
182275,7,6,7,0.8571428571428571,0.006969737847924817
113279,7,6,7,0.8571428571428571,0.007104635999820136
53575,7,6,7,0.8571428571428571,0.007172085075767796
251560,7,6,7,0.8571428571428571,0.01074688610099375
132282,14,12,14,0.8571428571428571,0.008689689284590133
12272,7,6,7,0.8571428571428571,0.014141822923692612
195049,7,6,7,0.8571428571428571,0.008566032645352757
131182,7,6,7,0.8571428571428571,0.017311929493232608
57105,14,12,14,0.8571428571428571,0.011117856018705874
68256,14,12,14,0.8571428571428571,0.01236566392373758
47117,7,6,7,0.8571428571428571,0.014658932505958
234743,7,6,7,0.8571428571428571,0.010454606771887226
90517,7,6,7,0.8571428571428571,0.013984441746481406
21875,7,6,7,0.8571428571428571,0.00957776878456765
208645,7,6,7,0.8571428571428571,0.019627681100768922
102581,7,6,7,0.8571428571428571,0.004721435316336167
236399,7,6,7,0.8571428571428571,0.01479383065785332
193612,7,6,7,0.8571428571428571,0.013309950987004812
134029,7,6,7,0.8571428571428571,0.0033724537973829757
43852,7,6,7,0.8571428571428571,0.005980484734025812
270326,7,6,7,0.8571428571428571,0.01859346193623814
144062,7,6,7,0.8571428571428571,0.009915014164305949
35148,7,6,7,0.8571428571428571,0.016187778227438283
133957,7,6,7,0.8571428571428571,0.012815324430055309
44663,7,6,7,0.8571428571428571,0.010364674670623677
6537,7,6,7,0.8571428571428571,0.013534781240163676
215180,7,6,7,0.8571428571428571,0.011916003417419848
133905,7,6,7,0.8571428571428571,0.015558253518593463
28289,7,6,7,0.8571428571428571,0.021134043796933316
223132,7,6,7,0.8571428571428571,0.0062727640631323345
196099,7,6,7,0.8571428571428571,0.015513287467961687
241495,7,6,7,0.8571428571428571,0.010139844417464813
115224,7,6,7,0.8571428571428571,0.010701920050361977
169600,7,6,7,0.8571428571428571,0.015131076037591618
167189,7,6,7,0.8571428571428571,0.009218040379513464
126296,28,24,28,0.8571428571428571,0.011561895768694633
205085,7,6,7,0.8571428571428571,0.014524034354062682
83252,7,6,7,0.8571428571428571,0.02007734160708665
198996,7,6,7,0.8571428571428571,0.01672737083501956
5728,7,6,7,0.8571428571428571,0.007239534151715456
165267,7,6,7,0.8571428571428571,0.008363685417509781
80516,7,6,7,0.8571428571428571,0.017536759746391475
80684,7,6,7,0.8571428571428571,0.013534781240163676
256603,7,6,7,0.8571428571428571,0.015603219569225236
142584,14,12,14,0.8571428571428571,0.009184315841539639
80690,7,6,7,0.8571428571428571,0.007554296506137865
216495,7,6,7,0.8571428571428571,0.009150591303565807
17970,7,6,7,0.8571428571428571,0.008566032645352759
18155,7,6,7,0.8571428571428571,0.007711677683349072
127049,14,12,14,0.8571428571428571,0.013546022752821619
143302,7,6,7,0.8571428571428571,0.014141822923692612
258109,7,6,7,0.8571428571428571,0.018750843113449347
157281,7,6,7,0.8571428571428571,0.007869058860560278
87579,7,6,7,0.8571428571428571,0.014479068303430907
115700,7,6,7,0.8571428571428571,0.010004946265569496
169400,7,6,7,0.8571428571428571,0.007104635999820135
22338,7,6,7,0.8571428571428571,0.015333423265434595
267326,7,6,7,0.8571428571428571,0.007644228607401412
26134,7,6,7,0.8571428571428571,0.005283510949233329
155376,7,6,7,0.8571428571428571,0.007599262556769639
151263,7,6,7,0.8571428571428571,0.008835828949143396
259901,35,30,35,0.8571428571428571,0.007900535096002517
155810,7,6,7,0.8571428571428571,0.009802599037726517
277629,7,6,7,0.8571428571428571,0.008408651468141553
198213,14,12,14,0.8571428571428571,0.015445838392014032
137587,7,6,7,0.8571428571428571,0.004519088088493189
117539,7,6,7,0.8571428571428571,0.011916003417419847
40052,7,6,7,0.8571428571428571,0.011623724088313322
16010,7,6,7,0.8571428571428571,0.006834839696029499
228313,7,6,7,0.8571428571428571,0.011084131480732048
110700,7,6,7,0.8571428571428571,0.011219029632627367
243491,7,6,7,0.8571428571428571,0.02050451908808849
190479,7,6,7,0.8571428571428571,0.02194343270830523
30989,7,6,7,0.8571428571428571,0.006250281037816449
238319,7,6,7,0.8571428571428571,0.007801609784612618
61888,7,6,7,0.8571428571428571,0.0084985835694051
144707,7,6,7,0.8571428571428571,0.006677458518818293
82673,7,6,7,0.8571428571428571,0.006520077341607087
8234,14,12,14,0.8571428571428571,0.007846575835244392
237411,14,12,14,0.8571428571428571,0.008127613651692973
67178,7,6,7,0.8571428571428571,0.00656504339223886
146778,7,6,7,0.8571428571428571,0.01974009622734835
122440,21,18,21,0.8571428571428571,0.011144086214907747
136104,7,6,7,0.8571428571428571,0.014411619227483251
211360,7,6,7,0.8571428571428571,0.004721435316336166
203422,7,6,7,0.8571428571428571,0.010701920050361973
93085,7,6,7,0.8571428571428571,0.006497594316291201
109357,7,6,7,0.8571428571428571,0.01630019335401772
147420,14,12,14,0.8571428571428571,0.01154503349970772
213191,7,6,7,0.8571428571428571,0.008745896847879851
174633,7,6,7,0.8571428571428571,0.007756643733980846
261611,7,6,7,0.8571428571428571,0.011758622240208643
6789,7,6,7,0.8571428571428571,0.011601241062997435
161744,7,6,7,0.8571428571428571,0.008026440037771481
246528,7,6,7,0.8571428571428571,0.015648185619857008
245660,7,6,7,0.8571428571428571,0.011241512657943252
274056,14,12,14,0.8571428571428571,0.010094878366833041
246766,7,6,7,0.8571428571428571,0.006902288771977157
273318,7,6,7,0.8571428571428571,0.008880794999775172
136396,7,6,7,0.8571428571428571,0.008993210126354604
176903,7,6,7,0.8571428571428571,0.007239534151715454
173860,21,18,21,0.8571428571428571,0.012837807455371195
218721,7,6,7,0.8571428571428571,0.010926750303520841
91103,36,31,36,0.8611111111111112,0.011829818487042287
49225,22,19,22,0.8636363636363636,0.010923684436432312
90417,22,19,22,0.8636363636363636,0.012161272784502247
40415,22,19,22,0.8636363636363636,0.009228259936475235
217468,22,19,22,0.8636363636363636,0.01601711162617678
60583,15,13,15,0.8666666666666667,0.01320952680726052
263645,15,13,15,0.8666666666666667,0.0099255062427867
243,15,13,15,0.8666666666666667,0.011646207113629209
167587,15,13,15,0.8666666666666667,0.011174063581995596
108752,15,13,15,0.8666666666666667,0.005329975868219494
102705,15,13,15,0.8666666666666667,0.015360402895813663
190844,15,13,15,0.8666666666666667,0.00665197775679362
154730,15,13,15,0.8666666666666667,0.012170811037666561
265751,15,13,15,0.8666666666666667,0.011163571503514848
104243,15,13,15,0.8666666666666667,0.008299234078270904
219301,30,26,30,0.8666666666666667,0.011263246249081944
108535,15,13,15,0.8666666666666667,0.014437099989507924
12917,15,13,15,0.8666666666666667,0.008026440037771483
162030,15,13,15,0.8666666666666667,0.010985206169342147
124874,38,33,38,0.868421052631579,0.012781008233520533
44852,23,20,23,0.8695652173913043,0.007465341927714143
182459,23,20,23,0.8695652173913043,0.0145201242627034
209174,24,21,24,0.875,0.011252754170601197
197206,16,14,16,0.875,0.01188227887944602
17906,8,7,8,0.875,0.016269279194208373
77307,8,7,8,0.875,0.014262669184765504
26598,8,7,8,0.875,0.01162653446647781
38718,8,7,8,0.875,0.01471514006924772
47152,8,7,8,0.875,0.015816808309726156
253106,8,7,8,0.875,0.014006924771797293
22107,8,7,8,0.875,0.006059175322631414
146266,8,7,8,0.875,0.008321529745042492
176256,8,7,8,0.875,0.008439565627950897
115503,8,7,8,0.875,0.008419892980799495
100815,8,7,8,0.875,0.01674142272584199
19429,8,7,8,0.875,0.006787063267233239
222688,8,7,8,0.875,0.004977179729304375
252829,8,7,8,0.875,0.01788243626062323
172539,8,7,8,0.875,0.014361032420522505
198557,8,7,8,0.875,0.009600251809883538
65663,16,14,16,0.875,0.01106586402266289
263560,8,7,8,0.875,0.014105288007554296
127621,8,7,8,0.875,0.011783915643689016
245328,8,7,8,0.875,0.01331838212149827
15845,8,7,8,0.875,0.017056185080264397
273440,8,7,8,0.875,0.010387157695939564
38590,8,7,8,0.875,0.006452628265659428
274380,8,7,8,0.875,0.01504957507082153
187990,8,7,8,0.875,0.009580579162732137
151104,16,14,16,0.875,0.009472379603399432
232106,24,21,24,0.875,0.01074782289371525
244874,8,7,8,0.875,0.016170915958451368
128406,8,7,8,0.875,0.008105130626377086
202942,8,7,8,0.875,0.014124960654705697
63389,8,7,8,0.875,0.012846238589864651
99313,8,7,8,0.875,0.012354422411079636
155000,8,7,8,0.875,0.008931381806735915
144516,16,14,16,0.875,0.010819955933270384
114217,8,7,8,0.875,0.012787220648410447
275401,8,7,8,0.875,0.018393925086559647
247829,8,7,8,0.875,0.012413440352533837
239481,8,7,8,0.875,0.012551148882593642
148028,8,7,8,0.875,0.01282656594271325
208451,8,7,8,0.875,0.009777305634246143
32034,8,7,8,0.875,0.006118193264085616
170493,8,7,8,0.875,0.02018413597733711
268786,8,7,8,0.875,0.008439565627950896
6115,8,7,8,0.875,0.007849386213408877
109135,8,7,8,0.875,0.014833175952156122
85502,8,7,8,0.875,0.015167610953729933
112590,8,7,8,0.875,0.006452628265659428
45391,8,7,8,0.875,0.013121655649984262
278633,24,21,24,0.875,0.010583884167453572
75491,8,7,8,0.875,0.01249213094113944
251744,8,7,8,0.875,0.017449638023292417
246959,8,7,8,0.875,0.01105602769908719
46295,8,7,8,0.875,0.008478910922253698
164480,8,7,8,0.875,0.008065785332074285
219278,8,7,8,0.875,0.012059332703808625
219593,8,7,8,0.875,0.021659584513692164
162780,16,14,16,0.875,0.008675637393767704
227591,8,7,8,0.875,0.012059332703808625
102668,8,7,8,0.875,0.010367485048788165
220240,24,21,24,0.875,0.012315077116776837
11362,8,7,8,0.875,0.007613314447592068
137627,8,7,8,0.875,0.009560906515580737
53663,8,7,8,0.875,0.009757632987094743
195182,8,7,8,0.875,0.009187126219704122
26057,17,15,17,0.8823529411764706,0.013442204077098261
143964,17,15,17,0.8823529411764706,0.006684071173322964
247060,17,15,17,0.8823529411764706,0.008304171526967727
43687,26,23,26,0.8846153846153846,0.011500932180818869
79736,9,8,9,0.8888888888888888,0.010177316126324627
199016,9,8,9,0.8888888888888888,0.008638477949148394
183572,9,8,9,0.8888888888888888,0.018553492113454344
78841,9,8,9,0.8888888888888888,0.010964222012380653
164492,9,8,9,0.8888888888888888,0.007064666177036337
244710,9,8,9,0.8888888888888888,0.01558073654390935
117577,9,8,9,0.8888888888888888,0.015143566607211556
106114,9,8,9,0.8888888888888888,0.0135697548350995
249939,9,8,9,0.8888888888888888,0.006015458328961634
143134,9,8,9,0.8888888888888888,0.012100863847794914
41395,9,8,9,0.8888888888888888,0.012030916657923267
138379,9,8,9,0.8888888888888888,0.013412373657888294
188490,9,8,9,0.8888888888888888,0.009984961354177598
124474,9,8,9,0.8888888888888888,0.005735669569475046
135831,18,16,18,0.8888888888888888,0.013534781240163676
269344,9,8,9,0.8888888888888888,0.009180568670653658
110558,9,8,9,0.8888888888888888,0.011331444759206798
187801,9,8,9,0.8888888888888888,0.009547791417479804
81249,9,8,9,0.8888888888888888,0.006417654670723604
46907,9,8,9,0.8888888888888888,0.011663693911097124
13082,9,8,9,0.8888888888888888,0.009075647885846187
257454,9,8,9,0.8888888888888888,0.009984961354177596
99312,9,8,9,0.8888888888888888,0.004738922113804078
221543,9,8,9,0.8888888888888888,0.010474591683279124
25545,9,8,9,0.8888888888888888,0.014793830657853323
196253,9,8,9,0.8888888888888888,0.017032140733746023
13995,9,8,9,0.8888888888888888,0.016420102822369113
108143,9,8,9,0.8888888888888888,0.013045150911062148
160571,27,24,27,0.8888888888888888,0.01077769617272293
236943,9,8,9,0.8888888888888888,0.012310705417409855
31158,9,8,9,0.8888888888888888,0.02213828559437625
30333,9,8,9,0.8888888888888888,0.01115657678452768
253964,9,8,9,0.8888888888888888,0.013639702024971147
45416,9,8,9,0.8888888888888888,0.01085930122757318
220586,9,8,9,0.8888888888888888,0.008446123177001365
136916,9,8,9,0.8888888888888888,0.006032945126429545
203161,9,8,9,0.8888888888888888,0.012468086594621059
247444,9,8,9,0.8888888888888888,0.006540062252998986
232756,9,8,9,0.8888888888888888,0.018990662050152138
81484,9,8,9,0.8888888888888888,0.017504284265379637
161039,19,17,19,0.8947368421052632,0.012665043155575437
23511,19,17,19,0.8947368421052632,0.011223762901114924
191716,19,17,19,0.8947368421052632,0.007537730066431423
53614,29,26,29,0.896551724137931,0.011543095307870146
229313,39,35,39,0.8974358974358975,0.0159762071943375
53414,10,9,10,0.9,0.017296191375511492
32250,10,9,10,0.9,0.013031161473087822
241357,10,9,10,0.9,0.014888259364180043
112408,10,9,10,0.9,0.007507082152974504
95393,10,9,10,0.9,0.01244885111740636
57095,10,9,10,0.9,0.008624488511174064
135411,10,9,10,0.9,0.012527541706011964
178797,10,9,10,0.9,0.008797607806106389
200643,20,18,20,0.9,0.009497954044696255
270897,10,9,10,0.9,0.007695939565627951
164027,10,9,10,0.9,0.014667925716084353
178322,10,9,10,0.9,0.00939565627950897
99523,10,9,10,0.9,0.011299968523764558
129883,10,9,10,0.9,0.014463330185709788
165866,21,19,21,0.9047619047619048,0.009757632987094743
20180,32,29,32,0.90625,0.012438031161473089
125060,11,10,11,0.9090909090909091,0.011045297164277336
123515,11,10,11,0.9090909090909091,0.010887915987066128
228351,11,10,11,0.9090909090909091,0.00682462013906773
150498,11,10,11,0.9090909090909091,0.009500100151658227
92156,11,10,11,0.9090909090909091,0.010816379088333761
152309,11,10,11,0.9090909090909091,0.0111168340630097
132930,22,20,22,0.9090909090909091,0.010279852347841015
191165,11,10,11,0.9090909090909091,0.01775545826537328
273307,11,10,11,0.9090909090909091,0.012433112999685237
176348,11,10,11,0.9090909090909091,0.01115975620224912
8801,11,10,11,0.9090909090909091,0.01839929035396458
76482,11,10,11,0.9090909090909091,0.013835236214839614
246000,11,10,11,0.9090909090909091,0.007497066987151973
212260,11,10,11,0.9090909090909091,0.008369817151686838
239692,11,10,11,0.9090909090909091,0.012962486050304749
254053,11,10,11,0.9090909090909091,0.010115317480756574
224923,11,10,11,0.9090909090909091,0.009771940366841215
55789,11,10,11,0.9090909090909091,0.010916530746559077
54884,11,10,11,0.9090909090909091,0.014250150227487336
245311,11,10,11,0.9090909090909091,0.01124560048072796
192479,11,10,11,0.9090909090909091,0.008570120468137465
73044,35,32,35,0.9142857142857143,0.01291424974144521
38933,12,11,12,0.9166666666666666,0.007790368271954674
144828,12,11,12,0.9166666666666666,0.009692057496590075
60546,12,11,12,0.9166666666666666,0.008905151610534049
214879,12,11,12,0.9166666666666666,0.018072605183086773
277945,12,11,12,0.9166666666666666,0.004262406882803484
272407,12,11,12,0.9166666666666666,0.01361347182876928
174428,12,11,12,0.9166666666666666,0.01443972300912811
109864,12,11,12,0.9166666666666666,0.013128213199034728
17183,12,11,12,0.9166666666666666,0.01386265869268702
12154,12,11,12,0.9166666666666666,0.013508551043961809
80203,12,11,12,0.9166666666666666,0.009757632987094743
51207,12,11,12,0.9166666666666666,0.0094691008288742
206305,36,33,36,0.9166666666666666,0.012997062218025391
270554,25,23,25,0.92,0.014560906515580736
81682,25,23,25,0.92,0.008158640226628896
19573,13,12,13,0.9230769230769231,0.014442749570228322
132083,13,12,13,0.9230769230769231,0.011779375802038692
249695,13,12,13,0.9230769230769231,0.017033485872012786
22252,13,12,13,0.9230769230769231,0.014684874458245564
229331,13,12,13,0.9230769230769231,0.00911600203384906
187863,27,25,27,0.9259259259259259,0.0123748236747922
15602,28,26,28,0.9285714285714286,0.015327802509105629
139387,14,13,14,0.9285714285714286,0.01799766176536715
122801,14,13,14,0.9285714285714286,0.010780610638967578
228311,14,13,14,0.9285714285714286,0.015569495031251407
121817,15,14,15,0.9333333333333333,0.015727625642639808
192244,15,14,15,0.9333333333333333,0.011887524918686393
28016,15,14,15,0.9333333333333333,0.012370160528800755
166391,16,15,16,0.9375,0.012806893295561849
227025,16,15,16,0.9375,0.008911709159584513
148314,16,15,16,0.9375,0.01074126534466478
145369,16,15,16,0.9375,0.008026440037771483
88122,16,15,16,0.9375,0.012010151085930123
214315,18,17,18,0.9444444444444444,0.00875214213268982
123867,18,17,18,0.9444444444444444,0.00923302906305739
53418,18,17,18,0.9444444444444444,0.012310705417409857
243065,19,18,19,0.9473684210526315,0.016831502741745774
246634,19,18,19,0.9473684210526315,0.016533306827029807
76888,21,20,21,0.9523809523809523,0.008978221442810677
36807,22,21,22,0.9545454545454546,0.01141728903768564
20680,11,11,11,1.0,0.010215469138981886
136193,11,11,11,1.0,0.011646207113629209
42408,6,6,6,1.0,0.01762669184765502
93241,7,7,7,1.0,0.0161652952021224
174918,6,6,6,1.0,0.008813345923827511
191638,5,5,5,1.0,0.012873780295876613
272890,5,5,5,1.0,0.008089392508655964
272810,5,5,5,1.0,0.020491029272898965
272786,9,9,9,1.0,0.020844262581750775
248131,5,5,5,1.0,0.00683034309096632
109084,7,7,7,1.0,0.012770358379423535
192158,9,9,9,1.0,0.009442870632672334
174590,5,5,5,1.0,0.016525023607176583
221050,5,5,5,1.0,0.01621026125275417
192191,6,6,6,1.0,0.012800335746511385
8187,9,9,9,1.0,0.011803588290840416
109502,5,5,5,1.0,0.019955933270380862
8188,5,5,5,1.0,0.01652502360717658
149843,11,11,11,1.0,0.00942856325292586
272202,7,7,7,1.0,0.011758622240208643
93630,5,5,5,1.0,0.008152344979540448
93636,7,7,7,1.0,0.010454606771887226
175287,9,9,9,1.0,0.009565278214947716
175463,5,5,5,1.0,0.009474346868114573
212427,6,6,6,1.0,0.00729199454411919
238757,5,5,5,1.0,0.007994963802329242
31860,9,9,9,1.0,0.014304200328751793
61668,5,5,5,1.0,0.0056027699087189175
61619,5,5,5,1.0,0.010072395341517154
70189,5,5,5,1.0,0.010103871576959397
246388,5,5,5,1.0,0.015203021718602458
94495,7,7,7,1.0,0.00759926255676964
238607,5,5,5,1.0,0.009505823103556816
30645,6,6,6,1.0,0.012564263980694575
148124,7,7,7,1.0,0.009173074328881694
176656,5,5,5,1.0,0.01951526597418949
212088,5,5,5,1.0,0.01655649984261882
7620,8,8,8,1.0,0.01443972300912811
108392,6,6,6,1.0,0.01807260518308677
108481,6,6,6,1.0,0.005455880809988458
7860,5,5,5,1.0,0.013534781240163676
41667,5,5,5,1.0,0.011835064526282656
190459,13,13,13,1.0,0.016537129851577445
7864,4,4,4,1.0,0.013810198300283287
238568,4,4,4,1.0,0.009954359458608751
221557,9,9,9,1.0,0.01425173993634806
150000,5,5,5,1.0,0.013345923827510228
30531,6,6,6,1.0,0.013377400062952469
192733,5,5,5,1.0,0.009222536984576642
249848,5,5,5,1.0,0.00768020144790683
172215,8,8,8,1.0,0.01469546742209632
59612,9,9,9,1.0,0.012083377050327006
9177,4,4,4,1.0,0.009954359458608751
9226,5,5,5,1.0,0.011835064526282657
9343,5,5,5,1.0,0.014384639597104187
9454,5,5,5,1.0,0.009442870632672334
222563,9,9,9,1.0,0.012170811037666561
134684,8,8,8,1.0,0.011174063581995594
172192,5,5,5,1.0,0.00934844192634561
250006,5,5,5,1.0,0.022568460812086875
111733,5,5,5,1.0,0.007900535096002519
250223,5,5,5,1.0,0.009379918161787851
91449,7,7,7,1.0,0.008138855164350915
171967,5,5,5,1.0,0.014321687126219706
28709,5,5,5,1.0,0.009946490399748192
112088,6,6,6,1.0,0.014820060854055185
74175,6,6,6,1.0,0.020800545588081
44837,6,6,6,1.0,0.013324939670548736
151643,5,5,5,1.0,0.009537299338999055
41245,5,5,5,1.0,0.012559017941454202
270829,5,5,5,1.0,0.008844822159269752
270863,6,6,6,1.0,0.008000209841569614
135736,7,7,7,1.0,0.010634470974414317
211098,9,9,9,1.0,0.009687685797223098
210791,5,5,5,1.0,0.0107963487566887
237407,6,6,6,1.0,0.010885531423775052
271557,5,5,5,1.0,0.011992445703493861
271538,10,10,10,1.0,0.011992445703493861
60392,6,6,6,1.0,0.01109537299338999
174322,5,5,5,1.0,0.01498268807050677
150890,6,6,6,1.0,0.007318224740321059
209985,5,5,5,1.0,0.005225055083412024
60211,5,5,5,1.0,0.014919735599622286
72296,9,9,9,1.0,0.008323715594725983
221967,5,5,5,1.0,0.014982688070506766
174151,12,12,12,1.0,0.007108383170706118
210174,5,5,5,1.0,0.011960969468051624
271156,5,5,5,1.0,0.009726156751652502
110493,6,6,6,1.0,0.006767390620081837
92398,9,9,9,1.0,0.012520546987024796
222210,9,9,9,1.0,0.011313957961738888
192727,5,5,5,1.0,0.020931696569090337
109783,3,3,3,1.0,0.018151295771692375
245814,5,5,5,1.0,0.006547056971986151
69410,4,4,4,1.0,0.004721435316336166
213064,7,7,7,1.0,0.008093889113719142
66485,1,1,1,1.0,0.009915014164305949
101196,7,7,7,1.0,0.011488825936418007
1075,8,8,8,1.0,0.023626849228832236
217444,5,5,5,1.0,0.005697198615045641
1129,5,5,5,1.0,0.012842304060434373
241513,5,5,5,1.0,0.015391879131255903
66487,9,9,9,1.0,0.015790578113524287
35631,6,6,6,1.0,0.01492498163886266
1412,5,5,5,1.0,0.012212779351589551
99997,3,3,3,1.0,0.02602035463225265
277042,6,6,6,1.0,0.013744622809778617
241265,8,8,8,1.0,0.013475763298709476
243607,6,6,6,1.0,0.021534991081733294
276681,5,5,5,1.0,0.01252754170601196
35424,6,6,6,1.0,0.02166614206274263
185450,7,7,7,1.0,0.017829039075497998
182117,8,8,8,1.0,0.006255901794145421
102430,5,5,5,1.0,0.007806106389675794
37790,6,6,6,1.0,0.02853845346763194
2288,6,6,6,1.0,0.006216556499842619
64271,5,5,5,1.0,0.008655964746616304
276328,3,3,3,1.0,0.014059385164201027
139421,5,5,5,1.0,0.011646207113629212
35998,5,5,5,1.0,0.018917217500786905
184223,5,5,5,1.0,0.011709159584513693
65370,5,5,5,1.0,0.00941139439723009
142134,8,8,8,1.0,0.010741265344664777
36562,5,5,5,1.0,0.013251495121183506
216602,5,5,5,1.0,0.010292728989612842
244,7,7,7,1.0,0.010094878366833041
142565,6,6,6,1.0,0.00878711572762564
100594,5,5,5,1.0,0.009096632042807681
140763,6,6,6,1.0,0.014636449480642114
100004,5,5,5,1.0,0.01617878501731193
100471,7,7,7,1.0,0.024528980619632178
216151,5,5,5,1.0,0.019452313503305008
143009,5,5,5,1.0,0.01218130311614731
242763,6,6,6,1.0,0.008655964746616304
66100,7,7,7,1.0,0.00656504339223886
185071,5,5,5,1.0,0.009002203336480958
139548,5,5,5,1.0,0.013220018885741267
183142,7,7,7,1.0,0.012523045100948784
277922,5,5,5,1.0,0.00711362920994649
66473,5,5,5,1.0,0.014164305949008499
184684,5,5,5,1.0,0.01337740006295247
152016,7,7,7,1.0,0.017469310670443817
185514,4,4,4,1.0,0.009836323575700346
243891,8,8,8,1.0,0.01392823418319169
32991,5,5,5,1.0,0.006421152030217187
5815,6,6,6,1.0,0.009757632987094743
32641,5,5,5,1.0,0.010072395341517154
106369,12,12,12,1.0,0.00746249081943133
40110,6,6,6,1.0,0.005088658063162312
40222,6,6,6,1.0,0.01825621655649984
146421,6,6,6,1.0,0.00902318749344245
245203,5,5,5,1.0,0.018602455146364494
106846,5,5,5,1.0,0.020302171860245515
105874,4,4,4,1.0,0.008970727101038715
96053,7,7,7,1.0,0.006002967759341697
107109,5,5,5,1.0,0.010040919106074913
40795,4,4,4,1.0,0.023410450110166823
6679,5,5,5,1.0,0.016556499842618824
95360,7,7,7,1.0,0.014479068303430907
245616,6,6,6,1.0,0.01581680830972616
219597,6,6,6,1.0,0.008288741999790157
94843,5,5,5,1.0,0.00683034309096632
107523,7,7,7,1.0,0.009735149961778858
32087,5,5,5,1.0,0.010953729933899906
40612,9,9,9,1.0,0.01124401077186724
66953,6,6,6,1.0,0.011121603189591859
188171,8,8,8,1.0,0.009226471514006926
244622,5,5,5,1.0,0.014353163361661947
38081,5,5,5,1.0,0.00963172804532578
240677,7,7,7,1.0,0.011286478708575026
243984,11,11,11,1.0,0.011717744012361576
38899,4,4,4,1.0,0.016210261252754172
181452,7,7,7,1.0,0.014051890822429065
144953,5,5,5,1.0,0.009726156751652502
213851,8,8,8,1.0,0.004996852376455776
180925,5,5,5,1.0,0.016336166194523136
3817,6,6,6,1.0,0.008078900430175218
105101,5,5,5,1.0,0.016871262197041235
38950,4,4,4,1.0,0.02140384010072395
244359,12,12,12,1.0,0.012315077116776837
218714,4,4,4,1.0,0.008301857097891092
145543,7,7,7,1.0,0.012972705607266514
4795,9,9,9,1.0,0.018938201657748403
4809,4,4,4,1.0,0.020341517154548315
187761,7,7,7,1.0,0.011106614506047932
33681,5,5,5,1.0,0.008939250865596476
104759,5,5,5,1.0,0.009254013220018887
275439,7,7,7,1.0,0.018368631683079277
97423,8,8,8,1.0,0.009383852691218131
53042,7,7,7,1.0,0.008948244075722828
209059,5,5,5,1.0,0.009033679571923197
10607,5,5,5,1.0,0.010922253698457665
200493,6,6,6,1.0,0.012459343195887105
226926,10,10,10,1.0,0.01569090336795719
160231,7,7,7,1.0,0.010139844417464813
264628,5,5,5,1.0,0.009474346868114573
264627,7,7,7,1.0,0.019695130176716584
119446,6,6,6,1.0,0.009993704752911553
231225,5,5,5,1.0,0.007554296506137865
125701,6,6,6,1.0,0.009337949847864862
54283,6,6,6,1.0,0.012590494176896444
17596,1,1,1,1.0,0.017154548316021402
264349,6,6,6,1.0,0.016262721645157907
160344,6,6,6,1.0,0.012118350645262828
17761,12,12,12,1.0,0.010137970832021824
264300,5,5,5,1.0,0.011520302171860246
165769,7,7,7,1.0,0.017199514366653176
227054,8,8,8,1.0,0.006767390620081839
200772,5,5,5,1.0,0.00793201133144476
80826,10,10,10,1.0,0.010151085930122757
50098,5,5,5,1.0,0.01019830028328612
125928,15,15,15,1.0,0.011793096212359667
17159,5,5,5,1.0,0.02061693421466793
159860,6,6,6,1.0,0.013351169866750603
85256,6,6,6,1.0,0.010806840835169447
225617,6,6,6,1.0,0.013587241632567413
55441,7,7,7,1.0,0.01558073654390935
16551,6,6,6,1.0,0.019121813031161474
118101,5,5,5,1.0,0.020144790683034312
49155,7,7,7,1.0,0.012005935518683395
24427,5,5,5,1.0,0.012716399118665409
255618,5,5,5,1.0,0.011614730878186968
255648,6,6,6,1.0,0.006531318854265031
80036,6,6,6,1.0,0.01623649144895604
227282,7,7,7,1.0,0.012927739556634742
255661,6,6,6,1.0,0.010387157695939566
226349,7,7,7,1.0,0.01274787535410765
54968,7,7,7,1.0,0.006654975493502406
49314,13,13,13,1.0,0.008522796058206824
166327,6,6,6,1.0,0.013482320847759943
256298,1,1,1,1.0,0.016839785961598994
226554,3,3,3,1.0,0.010544538873150771
49526,4,4,4,1.0,0.010937991816178785
54652,8,8,8,1.0,0.007023135033050047
200213,5,5,5,1.0,0.015454831602140385
265546,5,5,5,1.0,0.009222536984576644
119806,6,6,6,1.0,0.009442870632672332
119963,5,5,5,1.0,0.00881334592382751
50130,5,5,5,1.0,0.00931696569090337
20005,5,5,5,1.0,0.009663204280768022
164425,5,5,5,1.0,0.01444759206798867
124732,5,5,5,1.0,0.010733396285804218
20106,9,9,9,1.0,0.013657188822439058
163676,7,7,7,1.0,0.021651153379198707
163443,6,6,6,1.0,0.007895289056762145
262151,7,7,7,1.0,0.02365214263231261
81324,7,7,7,1.0,0.015873015873015872
227925,6,6,6,1.0,0.011934739271849756
161326,6,6,6,1.0,0.016210261252754172
122542,6,6,6,1.0,0.01665617458818592
82164,8,8,8,1.0,0.0113314447592068
123160,6,6,6,1.0,0.009285489455461126
52670,5,5,5,1.0,0.009442870632672332
123298,6,6,6,1.0,0.010282236911132095
260363,8,8,8,1.0,0.010249449165879762
81927,5,5,5,1.0,0.009128108278249922
81578,5,5,5,1.0,0.013786591123701605
20627,5,5,5,1.0,0.006200818382121498
162662,5,5,5,1.0,0.011079634875668872
163302,6,6,6,1.0,0.01025600671493023
225542,8,8,8,1.0,0.005429650613786591
229742,6,6,6,1.0,0.01568565732871682
120548,7,7,7,1.0,0.007419398354242547
257703,5,5,5,1.0,0.010103871576959396
230626,5,5,5,1.0,0.010103871576959396
18176,5,5,5,1.0,0.014132829713566258
50615,5,5,5,1.0,0.009285489455461128
230180,5,5,5,1.0,0.010638967579477495
18439,6,6,6,1.0,0.015213513797083203
263326,9,9,9,1.0,0.014146819151540587
201568,5,5,5,1.0,0.006389675794774945
164906,5,5,5,1.0,0.007743153918791312
201725,5,5,5,1.0,0.025999370475291154
19107,5,5,5,1.0,0.023796033994334276
19362,6,6,6,1.0,0.009547791417479802
230105,6,6,6,1.0,0.007160843563109851
19503,6,6,6,1.0,0.009678942398489142
164870,5,5,5,1.0,0.00683034309096632
124915,8,8,8,1.0,0.01666273213723639
164775,5,5,5,1.0,0.01932640856153604
83135,6,6,6,1.0,0.012590494176896444
19659,5,5,5,1.0,0.014510544538873151
227544,6,6,6,1.0,0.016262721645157907
258275,5,5,5,1.0,0.014038401007239534
25216,7,7,7,1.0,0.017334412518548496
55655,5,5,5,1.0,0.009222536984576646
16383,5,5,5,1.0,0.01680830972615675
90232,6,6,6,1.0,0.00781659846815654
27573,1,1,1,1.0,0.010859301227573183
114634,7,7,7,1.0,0.010926750303520841
153211,12,12,12,1.0,0.011659322211730142
57269,5,5,5,1.0,0.008561536040289582
131510,6,6,6,1.0,0.01988248872101563
154126,9,9,9,1.0,0.009407897037736508
12698,6,6,6,1.0,0.010780610638967578
12707,6,6,6,1.0,0.013665932221173016
194877,6,6,6,1.0,0.013665932221173014
223816,9,9,9,1.0,0.006032945126429546
12990,5,5,5,1.0,0.005791627321372364
27265,5,5,5,1.0,0.01724897702234813
89913,6,6,6,1.0,0.018334907145105446
233867,7,7,7,1.0,0.017424344619812043
89852,7,7,7,1.0,0.011263995683259139
268025,6,6,6,1.0,0.01434791732242157
114742,6,6,6,1.0,0.009600251809883538
115150,5,5,5,1.0,0.011488825936418003
130543,5,5,5,1.0,0.009254013220018885
46671,9,9,9,1.0,0.01844857132864687
130166,7,7,7,1.0,0.010589504923782545
251527,5,5,5,1.0,0.01797293043751967
223714,5,5,5,1.0,0.010576015108593014
208700,7,7,7,1.0,0.013759611493322542
208683,12,12,12,1.0,0.009665827300388207
112173,5,5,5,1.0,0.009254013220018887
250832,6,6,6,1.0,0.024079320113314446
235543,7,7,7,1.0,0.01796393722739332
28222,8,8,8,1.0,0.01453808624488511
194273,5,5,5,1.0,0.014667925716084357
208415,12,12,12,1.0,0.01270853005980485
208410,3,3,3,1.0,0.020302171860245515
45987,2,2,2,1.0,0.008734655335221907
194606,5,5,5,1.0,0.018413597733711047
269313,5,5,5,1.0,0.01765816808309726
171096,5,5,5,1.0,0.016399118665407615
112598,7,7,7,1.0,0.017806556050182117
208367,5,5,5,1.0,0.008718917217500786
28139,5,5,5,1.0,0.006735914384639598
171011,6,6,6,1.0,0.013928234183191694
113259,6,6,6,1.0,0.008603504354212569
90322,7,7,7,1.0,0.006924771797293045
75777,5,5,5,1.0,0.007711677683349072
152605,5,5,5,1.0,0.01422725841989298
171444,5,5,5,1.0,0.009222536984576644
26664,1,1,1,1.0,0.0029902423670129055
26611,5,5,5,1.0,0.014542020774315389
78229,5,5,5,1.0,0.013849543594586086
157083,5,5,5,1.0,0.01674535725527227
167782,6,6,6,1.0,0.007632987094743468
254289,6,6,6,1.0,0.008944496904836848
266697,5,5,5,1.0,0.010324205225055085
117318,7,7,7,1.0,0.01562570259454112
127893,6,6,6,1.0,0.023266184031056552
48630,8,8,8,1.0,0.012000314762354424
127432,7,7,7,1.0,0.011533791987049779
254160,14,14,14,1.0,0.00853230810737893
198355,5,5,5,1.0,0.008404154863078377
117553,5,5,5,1.0,0.007648725212464588
157594,3,3,3,1.0,0.010596999265554505
157625,7,7,7,1.0,0.008138855164350915
167517,7,7,7,1.0,0.02108907774630154
55787,7,7,7,1.0,0.012343180898421693
167494,10,10,10,1.0,0.007097891092225371
78545,5,5,5,1.0,0.010040919106074913
254777,5,5,5,1.0,0.00906515580736544
126827,4,4,4,1.0,0.007829713566257475
266457,5,5,5,1.0,0.004658482845451685
169727,5,5,5,1.0,0.019546742209631728
77860,6,6,6,1.0,0.00891826670863498
168500,6,6,6,1.0,0.008629734550414438
154627,5,5,5,1.0,0.014699401951526598
196149,6,6,6,1.0,0.01458398908823838
253310,9,9,9,1.0,0.017976427797013257
129474,5,5,5,1.0,0.030815234497954046
154981,4,4,4,1.0,0.02746301542335537
169465,5,5,5,1.0,0.014573497009757633
253386,5,5,5,1.0,0.019106074913440355
169192,5,5,5,1.0,0.017658168083097264
267442,5,5,5,1.0,0.004312244255587032
156163,5,5,5,1.0,0.006641485678312874
232929,6,6,6,1.0,0.01523974399328507
26374,5,5,5,1.0,0.013125590179414542
115971,6,6,6,1.0,0.009783863183296613
56663,6,6,6,1.0,0.009442870632672332
168999,7,7,7,1.0,0.016232744278070057
77585,6,6,6,1.0,0.019541496170391356
197942,6,6,6,1.0,0.008052670233973349
87051,10,10,10,1.0,0.011960969468051622
206107,7,7,7,1.0,0.01402940779711318
116123,8,8,8,1.0,0.012157695939565628
128790,1,1,1,1.0,0.005193578847969783
278843,12,12,12,1.0,0.014426607911027177
