,num_USA,num_rest,num_total,ratio_USA,new_ratio_USA_Random,new_ratio_USA_MostPop,new_ratio_USA_UserKNN,new_ratio_USA_MF,new_ratio_USA_PMF,new_ratio_USA_BPR,new_ratio_USA_NMF,new_ratio_USA_WMF,new_ratio_USA_PF,new_ratio_USA_NeuMF,new_ratio_USA_VAECF
226553,23,2,25,0.92,0.6,0.8,1.0,0.7,0.9,0.8,0.7,0.9,1.0,0.7,1.0
68984,23,2,25,0.92,0.7,0.8,1.0,0.7,1.0,0.8,0.8,1.0,0.8,0.7,1.0
93453,23,2,25,0.92,0.7,0.8,0.9,0.4,0.8,0.7,0.5,0.7,0.8,0.7,1.0
163804,70,6,76,0.9210526315789472,0.6,0.8,1.0,0.5,0.8,0.7,0.6,1.0,0.8,0.7,1.0
264082,47,4,51,0.9215686274509804,0.7,0.8,0.9,0.9,0.6,0.7,0.3,1.0,1.0,0.7,1.0
98904,47,4,51,0.9215686274509804,0.7,0.8,0.9,1.0,0.3,0.7,0.6,0.9,0.9,0.7,0.8
227097,12,1,13,0.9230769230769232,0.8,0.8,1.0,0.8,0.7,0.7,0.9,0.8,0.9,0.7,0.9
55027,12,1,13,0.9230769230769232,0.7,0.8,1.0,0.5,0.5,0.7,0.5,0.6,0.6,0.7,1.0
196282,12,1,13,0.9230769230769232,0.8,0.8,1.0,0.6,0.5,0.8,0.4,1.0,0.3,0.7,1.0
100648,12,1,13,0.9230769230769232,0.6,0.8,0.9,0.7,0.8,0.7,0.5,0.5,0.8,0.7,0.9
173486,12,1,13,0.9230769230769232,0.7,0.8,0.9,0.5,0.7,0.7,0.7,0.9,1.0,0.7,1.0
135376,24,2,26,0.9230769230769232,0.4,0.8,1.0,0.5,0.9,0.7,0.5,1.0,0.7,0.7,1.0
215139,12,1,13,0.9230769230769232,0.6,0.8,0.9,0.4,0.7,0.8,0.8,1.0,1.0,0.7,1.0
55607,12,1,13,0.9230769230769232,0.7,0.8,0.9,0.6,0.7,0.7,0.6,1.0,0.8,0.7,0.9
133416,24,2,26,0.9230769230769232,0.8,0.8,1.0,0.8,0.2,0.8,0.5,1.0,0.5,0.7,1.0
72575,12,1,13,0.9230769230769232,0.7,0.8,0.9,0.5,0.3,0.7,0.5,1.0,0.5,0.7,1.0
82893,24,2,26,0.9230769230769232,0.9,0.8,0.8,0.6,0.4,0.7,0.6,0.8,0.7,0.7,0.9
231897,12,1,13,0.9230769230769232,0.7,0.8,1.0,0.7,1.0,0.7,0.3,1.0,1.0,0.7,1.0
126395,12,1,13,0.9230769230769232,0.5,0.8,1.0,0.5,0.7,0.7,0.5,1.0,1.0,0.7,1.0
170415,12,1,13,0.9230769230769232,0.7,0.8,1.0,0.6,0.7,0.8,0.7,0.9,0.9,0.7,0.7
91130,12,1,13,0.9230769230769232,0.8,0.8,1.0,0.5,0.6,0.7,0.7,0.8,0.8,0.7,1.0
229331,12,1,13,0.9230769230769232,0.5,0.8,1.0,0.8,0.6,0.7,0.9,0.7,1.0,0.7,0.8
193529,24,2,26,0.9230769230769232,0.7,0.8,1.0,0.5,0.5,0.7,0.7,0.8,0.8,0.7,0.9
262040,12,1,13,0.9230769230769232,0.6,0.8,1.0,0.7,0.3,0.7,0.3,0.9,1.0,0.7,1.0
161467,12,1,13,0.9230769230769232,0.6,0.8,0.9,0.7,0.3,0.8,0.7,0.8,1.0,0.7,1.0
209373,36,3,39,0.9230769230769232,0.5,0.8,1.0,0.6,0.7,0.8,0.6,0.9,0.7,0.7,0.9
45418,12,1,13,0.9230769230769232,0.5,0.8,1.0,0.7,0.5,0.8,0.4,0.9,0.9,0.7,0.9
69232,24,2,26,0.9230769230769232,0.7,0.8,0.9,0.6,0.4,0.7,0.4,1.0,0.8,0.7,1.0
237064,12,1,13,0.9230769230769232,0.7,0.8,1.0,0.6,0.4,0.7,0.2,1.0,0.9,0.7,1.0
54453,12,1,13,0.9230769230769232,0.7,0.8,1.0,0.5,0.8,0.7,0.4,0.8,0.4,0.7,0.5
252848,12,1,13,0.9230769230769232,0.5,0.8,0.9,0.6,0.4,0.7,0.5,0.9,0.7,0.7,0.8
152696,12,1,13,0.9230769230769232,0.6,0.8,0.9,0.6,0.6,0.8,0.6,1.0,1.0,0.7,1.0
66387,12,1,13,0.9230769230769232,0.7,0.8,1.0,0.9,0.8,0.7,0.5,1.0,0.9,0.7,1.0
253871,48,4,52,0.9230769230769232,0.7,0.8,1.0,0.6,0.6,0.8,0.5,0.7,0.8,0.7,1.0
275922,12,1,13,0.9230769230769232,0.4,0.8,0.8,0.8,0.4,0.7,0.5,0.9,0.6,0.7,0.9
178914,12,1,13,0.9230769230769232,0.5,0.8,0.9,0.8,0.6,0.7,0.6,1.0,0.6,0.7,0.8
278026,24,2,26,0.9230769230769232,0.6,0.8,1.0,0.8,0.9,0.8,0.5,0.9,1.0,0.7,1.0
231351,25,2,27,0.925925925925926,0.8,0.8,1.0,0.4,0.4,0.7,0.6,1.0,0.8,0.7,1.0
199515,25,2,27,0.925925925925926,0.7,0.8,0.9,0.2,0.4,0.7,0.7,0.9,0.5,0.7,1.0
160401,38,3,41,0.926829268292683,0.8,0.8,1.0,0.7,0.7,0.8,0.5,0.7,0.8,0.7,1.0
11245,26,2,28,0.9285714285714286,0.8,0.8,1.0,0.4,0.5,0.7,0.2,1.0,0.9,0.7,1.0
18401,13,1,14,0.9285714285714286,0.8,0.8,0.9,0.6,0.6,0.8,0.6,1.0,0.8,0.7,1.0
235506,13,1,14,0.9285714285714286,0.6,0.8,1.0,0.4,0.8,0.8,0.5,0.8,0.8,0.7,0.7
57234,13,1,14,0.9285714285714286,0.7,0.8,0.9,0.7,0.8,0.8,0.6,0.8,0.7,0.7,0.5
135043,13,1,14,0.9285714285714286,0.8,0.8,0.9,0.5,0.3,0.7,0.4,0.9,0.6,0.7,1.0
147420,13,1,14,0.9285714285714286,0.8,0.8,0.8,0.7,0.5,0.7,0.6,0.8,0.8,0.7,0.7
65228,13,1,14,0.9285714285714286,0.0,0.8,1.0,0.7,0.8,0.7,0.5,1.0,0.9,0.7,1.0
24627,13,1,14,0.9285714285714286,0.6,0.8,0.9,0.5,0.6,0.7,0.5,0.7,0.8,0.7,1.0
208568,13,1,14,0.9285714285714286,0.7,0.8,0.5,0.7,0.5,0.8,0.7,0.8,0.8,0.7,0.9
50141,13,1,14,0.9285714285714286,0.7,0.8,1.0,0.7,0.6,0.7,0.4,0.8,0.8,0.7,0.9
169057,13,1,14,0.9285714285714286,0.4,0.8,1.0,0.4,0.5,0.7,0.5,1.0,1.0,0.7,1.0
194605,13,1,14,0.9285714285714286,0.9,0.8,1.0,0.5,0.6,0.7,0.5,0.9,0.9,0.7,1.0
207835,13,1,14,0.9285714285714286,0.8,0.8,0.8,0.4,0.6,0.7,0.6,0.8,0.7,0.7,1.0
185275,13,1,14,0.9285714285714286,0.8,0.8,0.9,0.6,0.6,0.7,0.7,0.6,0.4,0.7,1.0
127049,13,1,14,0.9285714285714286,0.7,0.8,0.9,0.5,0.7,0.8,0.6,0.4,0.4,0.7,0.8
32122,13,1,14,0.9285714285714286,0.8,0.8,0.4,0.6,0.5,0.8,0.5,1.0,1.0,0.7,1.0
8234,13,1,14,0.9285714285714286,0.4,0.8,0.9,0.6,0.8,0.7,0.3,1.0,0.6,0.7,1.0
217107,13,1,14,0.9285714285714286,0.8,0.8,0.9,0.5,0.3,0.7,0.2,0.9,0.9,0.7,1.0
201641,13,1,14,0.9285714285714286,0.9,0.8,0.9,0.5,0.5,0.8,0.3,0.9,0.4,0.7,1.0
107865,13,1,14,0.9285714285714286,0.0,0.8,1.0,0.6,0.5,0.7,0.7,0.9,0.8,0.7,1.0
33999,13,1,14,0.9285714285714286,0.7,0.8,0.9,0.6,0.2,0.8,0.4,0.6,0.8,0.7,1.0
196891,13,1,14,0.9285714285714286,0.5,0.8,0.9,0.5,0.6,0.8,0.5,0.8,0.6,0.7,0.9
20971,13,1,14,0.9285714285714286,0.5,0.8,0.9,0.9,0.9,0.7,0.6,1.0,0.6,0.7,0.9
20561,13,1,14,0.9285714285714286,0.7,0.8,1.0,0.5,0.5,0.8,0.8,0.9,0.7,0.7,0.9
61798,13,1,14,0.9285714285714286,0.6,0.8,1.0,0.8,0.9,0.7,0.6,1.0,0.7,0.7,1.0
177374,39,3,42,0.9285714285714286,0.7,0.8,0.4,0.9,0.6,0.8,0.5,1.0,1.0,0.7,1.0
102220,13,1,14,0.9285714285714286,0.5,0.8,1.0,0.5,0.5,0.7,0.6,1.0,1.0,0.7,0.9
238246,13,1,14,0.9285714285714286,0.8,0.8,1.0,0.6,0.7,0.7,0.6,1.0,0.9,0.7,1.0
84882,27,2,29,0.9310344827586208,0.8,0.8,1.0,0.6,0.7,0.8,0.3,0.9,0.8,0.7,0.1
110373,27,2,29,0.9310344827586208,0.6,0.8,1.0,0.7,0.4,0.7,0.7,1.0,0.9,0.7,1.0
39227,14,1,15,0.9333333333333332,0.6,0.8,0.9,0.6,0.6,0.7,0.5,0.9,0.8,0.7,1.0
212849,14,1,15,0.9333333333333332,0.4,0.8,1.0,0.6,0.5,0.7,0.6,1.0,0.5,0.7,0.5
139387,14,1,15,0.9333333333333332,0.7,0.8,0.9,0.6,0.5,0.8,0.7,0.9,1.0,0.7,0.8
233903,14,1,15,0.9333333333333332,0.8,0.8,0.9,0.6,0.5,0.8,0.5,0.9,0.4,0.7,1.0
3145,14,1,15,0.9333333333333332,0.8,0.8,1.0,0.4,0.4,0.8,0.6,1.0,1.0,0.7,0.8
128732,14,1,15,0.9333333333333332,0.9,0.8,0.9,0.6,0.4,0.7,0.4,0.9,0.7,0.7,0.9
37293,14,1,15,0.9333333333333332,0.7,0.8,1.0,0.6,0.4,0.7,0.6,0.7,0.9,0.7,0.9
244915,14,1,15,0.9333333333333332,0.7,0.8,1.0,0.5,0.3,0.8,0.5,1.0,0.7,0.7,1.0
66323,14,1,15,0.9333333333333332,0.4,0.8,0.9,0.7,0.8,0.8,0.7,0.8,0.6,0.7,0.9
97721,14,1,15,0.9333333333333332,0.6,0.8,1.0,0.6,0.2,0.8,0.5,1.0,0.7,0.7,0.8
34300,28,2,30,0.9333333333333332,0.7,0.8,1.0,0.8,0.8,0.7,0.5,0.8,0.4,0.7,0.9
239688,14,1,15,0.9333333333333332,0.8,0.8,1.0,0.6,0.7,0.8,0.4,1.0,1.0,0.7,1.0
195386,14,1,15,0.9333333333333332,0.6,0.8,1.0,0.7,0.6,0.7,0.4,1.0,0.5,0.7,1.0
178079,14,1,15,0.9333333333333332,0.8,0.8,1.0,0.5,0.6,0.7,0.5,1.0,0.8,0.7,1.0
108752,14,1,15,0.9333333333333332,0.7,0.8,0.9,0.6,0.4,0.7,0.2,1.0,0.8,0.7,1.0
5499,14,1,15,0.9333333333333332,0.6,0.8,1.0,0.5,0.6,0.8,0.5,0.9,0.5,0.7,1.0
258534,143,10,153,0.934640522875817,0.6,0.8,1.0,0.9,0.4,0.8,0.6,1.0,0.9,0.7,0.9
235392,43,3,46,0.9347826086956522,0.8,0.8,0.9,0.5,0.8,0.7,0.3,1.0,0.3,0.7,1.0
57976,15,1,16,0.9375,0.9,0.8,0.7,0.5,0.7,0.8,0.3,0.9,0.9,0.7,1.0
144619,15,1,16,0.9375,0.4,0.8,0.9,0.7,0.1,0.7,0.6,1.0,0.7,0.7,1.0
221655,15,1,16,0.9375,0.5,0.8,1.0,0.8,0.5,0.7,0.6,0.6,0.8,0.7,1.0
142212,15,1,16,0.9375,0.6,0.8,1.0,0.5,0.6,0.7,0.6,1.0,0.7,0.7,1.0
156214,30,2,32,0.9375,0.8,0.8,1.0,0.7,0.2,0.8,0.5,1.0,0.9,0.7,1.0
126903,15,1,16,0.9375,0.5,0.8,0.9,0.7,0.7,0.7,0.6,0.9,0.9,0.7,1.0
65663,15,1,16,0.9375,0.5,0.8,1.0,0.4,0.2,0.7,0.5,0.9,0.9,0.7,0.9
253821,15,1,16,0.9375,0.5,0.8,0.9,0.7,0.6,0.7,0.6,0.9,0.9,0.7,0.9
229502,15,1,16,0.9375,0.8,0.8,1.0,0.5,0.8,0.7,0.3,1.0,0.3,0.7,1.0
200422,15,1,16,0.9375,0.9,0.8,1.0,0.9,0.6,0.7,0.8,1.0,0.7,0.7,1.0
67627,15,1,16,0.9375,0.5,0.8,1.0,0.8,0.8,0.7,0.6,1.0,0.8,0.7,1.0
251242,15,1,16,0.9375,0.7,0.8,1.0,0.7,0.2,0.7,0.6,1.0,1.0,0.7,1.0
79009,15,1,16,0.9375,0.6,0.8,1.0,0.8,0.9,0.8,0.4,0.9,0.8,0.7,1.0
167349,15,1,16,0.9375,0.7,0.8,1.0,0.5,1.0,0.7,0.4,1.0,0.7,0.7,1.0
22045,15,1,16,0.9375,0.6,0.8,1.0,0.6,0.3,0.7,0.6,1.0,0.9,0.7,1.0
248468,15,1,16,0.9375,0.9,0.8,1.0,0.4,0.4,0.8,0.5,0.9,0.8,0.7,1.0
154469,45,3,48,0.9375,0.6,0.8,1.0,0.5,0.4,0.7,0.3,1.0,0.7,0.7,1.0
87949,15,1,16,0.9375,0.6,0.8,1.0,0.5,0.7,0.7,0.5,1.0,1.0,0.7,1.0
168388,15,1,16,0.9375,0.7,0.8,1.0,0.6,0.5,0.7,0.6,0.7,0.9,0.7,1.0
148314,15,1,16,0.9375,0.7,0.8,1.0,0.6,0.5,0.7,0.5,0.8,1.0,0.7,0.9
115692,31,2,33,0.9393939393939394,0.8,0.8,1.0,0.4,0.6,0.7,0.5,1.0,0.8,0.7,1.0
7158,31,2,33,0.9393939393939394,0.7,0.8,1.0,0.5,0.6,0.7,0.5,0.8,0.8,0.7,1.0
245650,31,2,33,0.9393939393939394,0.7,0.8,1.0,0.5,0.4,0.7,0.6,0.8,0.8,0.7,0.8
41781,31,2,33,0.9393939393939394,0.7,0.8,1.0,0.6,0.5,0.7,0.5,0.9,0.9,0.7,1.0
126492,94,6,100,0.94,0.8,0.8,1.0,0.5,1.0,0.7,0.3,0.7,0.6,0.7,0.7
170762,16,1,17,0.9411764705882352,0.5,0.8,1.0,0.5,0.4,0.7,0.5,1.0,0.9,0.7,1.0
69933,16,1,17,0.9411764705882352,0.8,0.8,1.0,0.6,0.7,0.7,0.7,1.0,0.8,0.7,1.0
253005,16,1,17,0.9411764705882352,0.8,0.8,0.9,0.6,0.2,0.7,0.5,1.0,0.7,0.7,1.0
51252,16,1,17,0.9411764705882352,0.7,0.8,0.9,0.9,0.4,0.8,0.3,0.8,0.9,0.7,0.8
201017,16,1,17,0.9411764705882352,0.6,0.8,0.8,0.3,0.4,0.7,0.7,0.9,0.8,0.7,1.0
183187,16,1,17,0.9411764705882352,0.7,0.8,1.0,0.8,0.5,0.7,0.6,1.0,1.0,0.7,0.8
91647,16,1,17,0.9411764705882352,0.8,0.8,1.0,0.4,0.6,0.7,0.4,1.0,1.0,0.7,1.0
56307,32,2,34,0.9411764705882352,0.6,0.8,1.0,0.8,0.3,0.7,0.5,1.0,0.8,0.7,1.0
123460,16,1,17,0.9411764705882352,0.7,0.8,1.0,0.7,0.8,0.7,0.5,0.6,1.0,0.7,0.8
84024,33,2,35,0.9428571428571428,0.4,0.8,1.0,0.6,0.6,0.8,0.5,1.0,0.9,0.7,1.0
42323,17,1,18,0.9444444444444444,0.8,0.8,0.9,0.7,0.5,0.7,0.8,0.9,0.9,0.7,0.8
161299,17,1,18,0.9444444444444444,0.8,0.8,1.0,0.8,0.7,0.7,0.6,1.0,1.0,0.7,1.0
17859,17,1,18,0.9444444444444444,0.8,0.8,1.0,0.6,0.2,0.7,0.4,1.0,0.9,0.7,1.0
201768,17,1,18,0.9444444444444444,0.4,0.8,0.9,0.7,0.4,0.7,0.6,1.0,0.9,0.7,0.7
256407,17,1,18,0.9444444444444444,0.8,0.8,1.0,0.7,0.4,0.7,0.6,0.7,1.0,0.7,1.0
192245,17,1,18,0.9444444444444444,0.8,0.8,0.9,0.5,0.7,0.7,0.5,1.0,0.8,0.7,1.0
124942,17,1,18,0.9444444444444444,0.8,0.8,1.0,0.5,0.3,0.7,0.8,1.0,0.9,0.7,1.0
203401,17,1,18,0.9444444444444444,0.6,0.8,1.0,0.7,0.6,0.8,0.7,1.0,1.0,0.7,1.0
23547,17,1,18,0.9444444444444444,0.8,0.8,1.0,0.6,0.6,0.7,0.8,1.0,1.0,0.7,1.0
136255,17,1,18,0.9444444444444444,0.9,0.8,0.9,0.4,0.8,0.8,0.4,1.0,1.0,0.7,1.0
55734,17,1,18,0.9444444444444444,0.5,0.8,1.0,0.8,0.4,0.7,0.6,0.7,0.8,0.7,0.9
145369,17,1,18,0.9444444444444444,1.0,0.8,1.0,0.5,0.5,0.7,0.7,1.0,1.0,0.7,1.0
55751,17,1,18,0.9444444444444444,0.9,0.8,1.0,0.5,0.8,0.7,0.8,1.0,0.9,0.7,1.0
70666,52,3,55,0.9454545454545454,0.8,0.8,1.0,0.9,0.9,0.8,0.3,0.5,1.0,0.7,0.8
66680,52,3,55,0.9454545454545454,0.7,0.8,1.0,0.3,0.7,0.8,0.7,0.9,0.9,0.7,0.5
109901,53,3,56,0.9464285714285714,0.8,0.8,1.0,0.7,0.3,0.7,0.3,0.7,0.6,0.7,0.7
78328,18,1,19,0.9473684210526316,0.6,0.8,0.9,0.5,0.3,0.8,0.5,1.0,0.2,0.7,1.0
16916,18,1,19,0.9473684210526316,0.5,0.8,0.9,0.6,0.7,0.8,0.4,1.0,0.8,0.7,1.0
175100,18,1,19,0.9473684210526316,0.7,0.8,1.0,0.6,0.3,0.7,0.3,0.9,0.7,0.7,0.8
41589,18,1,19,0.9473684210526316,0.8,0.8,1.0,0.9,0.4,0.7,0.4,0.9,0.9,0.7,0.9
23511,18,1,19,0.9473684210526316,0.6,0.8,1.0,0.6,0.6,0.7,0.6,1.0,1.0,0.7,0.9
276231,36,2,38,0.9473684210526316,0.6,0.8,1.0,0.3,0.8,0.7,0.5,1.0,0.8,0.7,0.9
207825,18,1,19,0.9473684210526316,0.3,0.8,0.8,0.6,1.0,0.8,0.7,0.9,0.7,0.7,0.7
141902,18,1,19,0.9473684210526316,0.7,0.8,1.0,0.7,0.5,0.8,0.5,0.9,0.9,0.7,1.0
81597,56,3,59,0.9491525423728814,0.6,0.8,0.9,0.4,0.6,0.8,0.6,1.0,0.8,0.7,1.0
80810,38,2,40,0.95,0.9,0.8,0.9,0.5,0.5,0.7,0.5,0.8,1.0,0.7,0.9
52521,19,1,20,0.95,0.9,0.8,1.0,0.6,0.3,0.7,0.3,1.0,0.9,0.7,1.0
129489,19,1,20,0.95,0.6,0.8,0.9,0.4,0.4,0.7,0.4,1.0,0.9,0.7,1.0
256167,19,1,20,0.95,0.9,0.8,1.0,0.5,0.3,0.7,0.5,0.9,0.9,0.7,1.0
148590,19,1,20,0.95,0.7,0.8,1.0,0.5,0.2,0.7,0.5,1.0,0.7,0.7,1.0
237990,40,2,42,0.9523809523809524,0.8,0.8,0.9,0.9,0.6,0.8,0.4,1.0,1.0,0.7,1.0
196108,20,1,21,0.9523809523809524,0.9,0.8,1.0,0.9,0.8,0.8,0.4,1.0,0.7,0.7,0.0
100264,20,1,21,0.9523809523809524,0.6,0.8,1.0,0.5,0.5,0.7,0.7,1.0,0.7,0.7,0.9
19493,20,1,21,0.9523809523809524,0.6,0.8,0.9,0.8,0.5,0.7,0.6,0.8,0.9,0.7,1.0
257024,20,1,21,0.9523809523809524,0.8,0.8,1.0,0.8,0.2,0.7,0.4,1.0,0.9,0.7,0.9
204457,41,2,43,0.9534883720930232,0.6,0.8,1.0,0.5,0.7,0.8,0.4,1.0,1.0,0.7,1.0
108480,21,1,22,0.9545454545454546,0.8,0.8,1.0,0.6,0.7,0.8,0.6,1.0,1.0,0.7,1.0
95903,21,1,22,0.9545454545454546,0.4,0.8,1.0,0.7,0.5,0.7,0.3,0.7,0.5,0.7,0.8
164675,21,1,22,0.9545454545454546,0.7,0.8,0.9,0.7,0.4,0.7,0.5,0.8,0.8,0.7,0.5
124989,21,1,22,0.9545454545454546,0.7,0.8,1.0,0.5,0.7,0.7,0.4,1.0,0.8,0.7,1.0
202462,21,1,22,0.9545454545454546,0.6,0.8,1.0,0.7,0.3,0.7,0.7,1.0,0.4,0.7,0.8
90198,22,1,23,0.9565217391304348,0.5,0.8,1.0,0.9,0.7,0.7,0.6,0.9,0.8,0.7,0.8
170947,22,1,23,0.9565217391304348,0.7,0.8,1.0,0.8,0.4,0.7,0.5,1.0,1.0,0.7,1.0
213531,23,1,24,0.9583333333333334,0.9,0.8,1.0,0.9,0.8,0.7,0.4,1.0,1.0,0.7,1.0
268751,23,1,24,0.9583333333333334,0.4,0.8,1.0,0.4,0.5,0.7,0.3,0.9,0.9,0.7,0.6
247055,23,1,24,0.9583333333333334,0.9,0.8,1.0,0.6,0.5,0.7,0.7,0.9,0.6,0.7,1.0
39345,23,1,24,0.9583333333333334,0.9,0.8,1.0,1.0,0.8,0.8,0.8,1.0,0.9,0.7,1.0
169779,23,1,24,0.9583333333333334,0.8,0.8,1.0,0.7,0.5,0.7,0.4,1.0,1.0,0.7,0.9
79740,24,1,25,0.96,0.8,0.8,1.0,0.5,0.8,0.8,0.7,1.0,0.6,0.7,1.0
212467,24,1,25,0.96,0.6,0.8,1.0,0.7,0.9,0.7,0.4,0.8,0.9,0.7,1.0
177590,24,1,25,0.96,0.6,0.8,1.0,0.6,0.7,0.7,0.5,1.0,1.0,0.7,1.0
212797,24,1,25,0.96,0.6,0.8,0.7,0.5,0.4,0.8,0.7,1.0,0.6,0.7,1.0
83443,24,1,25,0.96,0.6,0.8,1.0,0.4,0.3,0.7,0.3,0.9,0.9,0.7,0.9
223190,24,1,25,0.96,0.6,0.8,0.4,0.8,0.5,0.7,0.5,0.9,1.0,0.7,1.0
187065,25,1,26,0.9615384615384616,0.8,0.8,0.9,0.7,1.0,0.8,0.8,0.9,1.0,0.7,0.8
177090,26,1,27,0.9629629629629628,0.6,0.8,1.0,0.6,0.4,0.8,0.7,1.0,0.8,0.7,1.0
61854,27,1,28,0.9642857142857144,0.6,0.8,0.9,0.8,0.8,0.8,0.4,0.9,0.8,0.7,1.0
76352,27,1,28,0.9642857142857144,0.7,0.8,1.0,0.5,0.5,0.8,0.6,1.0,0.8,0.7,0.9
145641,27,1,28,0.9642857142857144,0.8,0.8,1.0,0.5,0.8,0.8,0.6,0.9,0.8,0.7,0.9
188273,27,1,28,0.9642857142857144,0.8,0.8,1.0,0.7,0.8,0.7,0.6,0.8,1.0,0.7,1.0
133296,56,2,58,0.9655172413793104,0.7,0.8,1.0,0.8,0.7,0.7,0.4,1.0,1.0,0.7,1.0
226205,28,1,29,0.9655172413793104,0.7,0.8,0.9,0.7,0.4,0.8,0.6,0.9,0.3,0.7,1.0
9417,29,1,30,0.9666666666666668,0.6,0.8,0.8,0.5,0.7,0.7,0.5,0.7,1.0,0.7,1.0
84795,35,1,36,0.9722222222222222,0.8,0.8,1.0,0.2,0.5,0.7,0.7,1.0,0.6,0.7,1.0
104211,36,1,37,0.972972972972973,0.8,0.8,1.0,0.8,0.5,0.7,0.9,1.0,0.8,0.7,1.0
258884,37,1,38,0.9736842105263158,1.0,0.8,1.0,0.8,0.9,0.8,0.6,1.0,0.6,0.7,1.0
189558,41,1,42,0.9761904761904762,0.7,0.8,1.0,0.5,0.4,0.7,0.5,1.0,0.8,0.7,1.0
240035,44,1,45,0.9777777777777776,0.6,0.8,1.0,0.8,0.9,0.8,0.7,1.0,0.7,0.7,1.0
178522,79,1,80,0.9875,0.8,0.8,1.0,0.8,0.8,0.8,0.7,1.0,0.8,0.7,0.9
29056,5,0,5,1.0,0.6,0.8,1.0,0.6,0.5,0.7,0.4,1.0,0.3,0.7,1.0
174151,13,0,13,1.0,0.8,0.8,1.0,0.7,0.9,0.7,0.3,1.0,0.9,0.7,1.0
257534,6,0,6,1.0,0.7,0.8,1.0,0.6,0.1,0.7,0.5,0.9,0.6,0.7,1.0
166391,16,0,16,1.0,0.6,0.8,1.0,0.7,0.6,0.8,0.4,1.0,0.8,0.7,1.0
24995,9,0,9,1.0,0.7,0.8,0.9,0.4,0.4,0.7,0.5,0.9,0.3,0.7,1.0
117489,5,0,5,1.0,0.7,0.8,1.0,0.5,0.4,0.7,0.8,0.8,1.0,0.7,1.0
174072,15,0,15,1.0,0.0,0.8,1.0,0.5,0.6,0.8,0.6,0.9,0.9,0.7,0.7
109516,6,0,6,1.0,0.7,0.8,0.8,0.4,0.8,0.7,0.4,0.8,0.8,0.7,0.3
258329,5,0,5,1.0,0.7,0.8,0.8,0.5,0.9,0.7,0.6,0.9,0.8,0.7,1.0
167389,5,0,5,1.0,0.8,0.8,0.9,0.5,0.5,0.7,0.3,0.7,1.0,0.7,0.8
166758,8,0,8,1.0,0.8,0.8,1.0,0.5,0.8,0.7,0.6,0.9,1.0,0.7,0.9
174851,5,0,5,1.0,0.6,0.8,1.0,0.5,0.6,0.7,0.7,0.9,0.5,0.7,0.6
257699,7,0,7,1.0,0.8,0.8,1.0,0.5,0.4,0.7,0.6,0.7,0.8,0.7,0.9
117256,7,0,7,1.0,0.8,0.8,1.0,0.5,0.5,0.7,0.4,1.0,0.9,0.7,1.0
117557,5,0,5,1.0,0.8,0.8,1.0,0.6,0.8,0.8,0.7,1.0,0.5,0.7,0.6
30461,7,0,7,1.0,0.7,0.8,1.0,0.5,0.6,0.8,0.4,1.0,0.8,0.7,0.9
166830,13,0,13,1.0,0.6,0.8,1.0,0.5,0.4,0.7,0.5,1.0,1.0,0.7,1.0
117092,5,0,5,1.0,0.5,0.8,1.0,0.5,0.4,0.8,0.7,0.9,1.0,0.7,1.0
257703,5,0,5,1.0,0.8,0.8,0.9,0.8,0.6,0.7,0.6,0.8,0.8,0.7,0.9
167189,7,0,7,1.0,1.0,0.8,0.7,0.8,0.7,0.7,0.5,0.6,0.9,0.7,0.9
109502,5,0,5,1.0,0.8,0.8,0.8,0.5,0.9,0.8,0.6,0.6,0.8,0.7,0.9
173511,5,0,5,1.0,0.8,0.8,0.9,0.4,0.5,0.7,0.5,0.9,1.0,0.7,1.0
117396,5,0,5,1.0,0.6,0.8,0.8,0.5,0.3,0.8,0.7,0.8,0.6,0.7,0.7
109014,5,0,5,1.0,0.7,0.8,1.0,0.5,0.5,0.7,0.5,1.0,0.9,0.7,0.9
24427,5,0,5,1.0,0.9,0.8,1.0,0.5,0.3,0.7,0.7,1.0,1.0,0.7,1.0
109013,7,0,7,1.0,0.9,0.8,0.9,0.6,0.4,0.7,0.6,1.0,0.3,0.7,0.9
173225,6,0,6,1.0,0.9,0.8,1.0,0.5,0.1,0.7,0.6,1.0,1.0,0.7,1.0
24733,5,0,5,1.0,0.5,0.8,0.8,0.5,0.3,0.7,0.5,1.0,0.7,0.7,1.0
251518,9,0,9,1.0,0.7,0.8,1.0,0.6,0.3,0.7,0.5,1.0,1.0,0.7,1.0
258151,11,0,11,1.0,0.6,0.8,1.0,0.7,0.5,0.8,0.6,1.0,0.9,0.7,1.0
28257,5,0,5,1.0,0.9,0.8,0.9,0.5,0.6,0.7,0.5,0.8,1.0,0.7,1.0
249695,13,0,13,1.0,0.9,0.8,1.0,0.6,0.2,0.7,0.7,1.0,1.0,0.7,1.0
30022,5,0,5,1.0,0.7,0.8,1.0,0.5,0.3,0.7,0.5,0.8,1.0,0.7,0.9
119027,6,0,6,1.0,0.8,0.8,0.8,0.7,0.9,0.8,0.7,0.8,0.9,0.7,0.6
251019,7,0,7,1.0,0.9,0.8,1.0,0.4,0.3,0.7,0.6,1.0,0.9,0.7,1.0
251003,16,0,16,1.0,0.8,0.8,1.0,0.7,0.7,0.7,0.3,0.9,1.0,0.7,1.0
119248,7,0,7,1.0,0.7,0.8,0.9,0.5,0.4,0.7,0.5,0.6,0.3,0.7,0.3
164775,5,0,5,1.0,0.8,0.8,1.0,0.5,0.4,0.7,0.6,1.0,1.0,0.7,1.0
30120,6,0,6,1.0,0.2,0.8,1.0,0.5,0.4,0.8,0.5,1.0,0.7,0.7,1.0
249634,5,0,5,1.0,0.9,0.8,1.0,0.5,0.7,0.7,0.5,1.0,1.0,0.7,1.0
108261,8,0,8,1.0,0.5,0.8,1.0,0.6,0.9,0.7,0.5,1.0,0.6,0.7,1.0
164549,7,0,7,1.0,0.7,0.8,0.9,0.6,0.7,0.7,0.5,0.8,0.7,0.7,0.9
164425,5,0,5,1.0,0.7,0.8,1.0,0.6,0.5,0.8,0.5,0.5,0.8,0.7,0.9
164105,5,0,5,1.0,0.6,0.8,0.9,0.5,0.4,0.8,0.6,0.8,0.8,0.7,0.9
174692,5,0,5,1.0,0.8,0.8,0.9,0.8,0.3,0.7,0.8,0.8,0.8,0.7,1.0
22338,7,0,7,1.0,0.7,0.8,0.9,0.6,0.4,0.7,0.5,1.0,0.7,0.7,1.0
119806,6,0,6,1.0,0.8,0.8,1.0,0.4,0.6,0.8,0.5,1.0,1.0,0.7,1.0
119963,5,0,5,1.0,0.6,0.8,1.0,0.5,0.3,0.7,0.6,0.9,0.9,0.7,0.9
108285,19,0,19,1.0,0.6,0.8,1.0,0.6,0.5,0.7,0.3,1.0,1.0,0.7,0.9
108267,8,0,8,1.0,0.7,0.8,1.0,0.7,0.7,0.8,0.6,0.8,1.0,0.7,1.0
21930,5,0,5,1.0,0.8,0.8,1.0,0.4,0.8,0.7,0.4,1.0,0.6,0.7,0.9
260316,13,0,13,1.0,0.7,0.8,0.9,0.5,0.8,0.8,0.6,1.0,0.5,0.7,1.0
260363,8,0,8,1.0,0.7,0.8,1.0,0.5,0.9,0.8,0.5,1.0,1.0,0.7,1.0
31050,20,0,20,1.0,0.4,0.8,1.0,0.9,0.8,0.7,0.5,1.0,0.6,0.7,0.6
163796,5,0,5,1.0,0.7,0.8,1.0,0.5,0.5,0.8,0.4,1.0,0.7,0.7,1.0
251122,9,0,9,1.0,0.6,0.8,1.0,0.4,0.1,0.8,0.5,1.0,0.6,0.7,0.9
118955,6,0,6,1.0,0.8,0.8,1.0,0.3,0.1,0.7,0.5,1.0,0.9,0.7,0.8
29867,5,0,5,1.0,0.6,0.8,0.8,0.5,0.8,0.7,0.5,1.0,0.8,0.7,1.0
165267,7,0,7,1.0,0.5,0.8,1.0,0.5,0.6,0.8,0.7,0.7,0.9,0.7,0.9
24379,5,0,5,1.0,0.9,0.8,0.8,0.7,0.6,0.7,0.6,0.8,0.8,0.7,0.9
174367,7,0,7,1.0,0.7,0.8,1.0,0.5,0.3,0.7,0.5,0.9,0.8,0.7,1.0
117700,9,0,9,1.0,0.6,0.8,0.9,0.5,0.3,0.7,0.7,1.0,0.9,0.7,0.7
29539,5,0,5,1.0,0.7,0.8,1.0,0.5,0.4,0.8,0.3,0.6,1.0,0.7,0.8
24052,5,0,5,1.0,0.9,0.8,1.0,0.5,0.4,0.7,0.7,1.0,0.9,0.7,1.0
258690,7,0,7,1.0,0.6,0.8,1.0,0.4,0.6,0.7,0.4,1.0,0.8,0.7,1.0
166030,6,0,6,1.0,0.8,0.8,1.0,0.7,0.8,0.7,0.5,0.9,0.3,0.7,1.0
117925,10,0,10,1.0,0.7,0.8,0.9,0.6,0.7,0.7,0.2,0.9,0.8,0.7,0.8
250733,9,0,9,1.0,0.8,0.8,1.0,0.5,0.7,0.8,0.4,1.0,0.3,0.7,1.0
174375,7,0,7,1.0,0.5,0.8,1.0,0.5,0.5,0.7,0.7,1.0,1.0,0.7,0.4
117963,8,0,8,1.0,0.8,0.8,1.0,0.6,0.7,0.7,0.6,1.0,0.9,0.7,0.5
29424,5,0,5,1.0,0.5,0.8,1.0,0.5,0.4,0.8,0.7,0.9,1.0,0.7,0.9
23652,12,0,12,1.0,0.6,0.8,0.9,0.7,0.5,0.7,0.6,1.0,0.8,0.7,0.9
29789,6,0,6,1.0,0.7,0.8,0.8,0.5,0.5,0.7,0.7,0.5,1.0,0.7,0.9
165582,13,0,13,1.0,0.7,0.8,1.0,0.7,0.4,0.7,0.4,0.9,0.8,0.7,0.9
108158,5,0,5,1.0,0.6,0.8,0.8,0.5,0.8,0.8,0.3,1.0,1.0,0.7,1.0
118344,5,0,5,1.0,0.8,0.8,0.9,0.5,0.3,0.7,0.6,0.6,1.0,0.7,1.0
165516,5,0,5,1.0,0.8,0.8,0.8,0.5,0.9,0.8,0.5,0.9,0.9,0.7,0.6
118484,14,0,14,1.0,0.6,0.8,1.0,0.8,0.7,0.7,0.7,1.0,0.8,0.7,1.0
259223,6,0,6,1.0,0.9,0.8,1.0,0.5,0.8,0.7,0.4,0.8,0.7,0.7,0.6
259259,23,0,23,1.0,0.8,0.8,1.0,0.6,0.6,0.8,0.3,0.9,0.7,0.7,0.7
174590,5,0,5,1.0,0.7,0.8,0.8,0.5,0.7,0.7,0.6,0.8,1.0,0.7,0.9
108481,6,0,6,1.0,0.8,0.8,1.0,0.7,0.8,0.7,0.9,1.0,0.9,0.7,1.0
249650,9,0,9,1.0,1.0,0.8,1.0,0.5,0.6,0.7,0.6,1.0,1.0,0.7,1.0
118101,5,0,5,1.0,0.9,0.8,0.9,0.5,0.8,0.7,0.6,1.0,0.8,0.7,1.0
257454,9,0,9,1.0,0.9,0.8,1.0,0.5,0.6,0.7,0.5,0.9,1.0,0.7,1.0
115997,5,0,5,1.0,0.7,0.8,0.8,0.6,0.4,0.8,0.6,1.0,0.9,0.7,0.6
257212,6,0,6,1.0,0.6,0.8,1.0,0.6,0.4,0.8,0.4,1.0,0.7,0.7,0.8
170693,6,0,6,1.0,0.8,0.8,1.0,0.5,1.0,0.7,0.6,1.0,0.8,0.7,1.0
112109,6,0,6,1.0,0.6,0.8,1.0,0.5,0.6,0.7,0.3,0.9,1.0,0.7,0.9
107921,6,0,6,1.0,0.9,0.8,1.0,0.5,0.7,0.7,0.4,1.0,0.9,0.7,1.0
30939,5,0,5,1.0,0.5,0.8,1.0,0.5,0.4,0.8,0.3,0.9,0.9,0.7,1.0
172010,7,0,7,1.0,0.8,0.8,1.0,0.5,0.7,0.7,0.4,1.0,0.5,0.7,0.7
250456,5,0,5,1.0,0.7,0.8,1.0,0.6,0.3,0.7,0.4,1.0,1.0,0.7,1.0
172091,16,0,16,1.0,0.5,0.8,1.0,0.4,0.6,0.7,0.5,1.0,0.9,0.7,0.7
30968,5,0,5,1.0,0.6,0.8,0.9,0.5,0.8,0.7,0.8,0.8,1.0,0.7,1.0
21708,5,0,5,1.0,0.6,0.8,0.9,0.7,0.6,0.8,0.6,0.9,0.5,0.7,0.7
250461,5,0,5,1.0,1.0,0.8,0.7,0.5,0.6,0.8,0.5,0.6,0.8,0.7,0.9
252627,5,0,5,1.0,0.6,0.8,0.7,0.5,0.5,0.7,0.3,0.7,0.9,0.7,0.7
110493,6,0,6,1.0,0.8,0.8,1.0,0.6,0.5,0.7,0.6,0.9,0.9,0.7,1.0
170401,5,0,5,1.0,0.8,0.8,1.0,0.4,0.5,0.8,0.5,1.0,0.9,0.7,0.8
112173,5,0,5,1.0,0.7,0.8,1.0,0.6,0.5,0.8,0.5,0.8,0.8,0.7,0.6
107288,5,0,5,1.0,0.7,0.8,0.9,0.5,0.6,0.7,0.5,0.9,0.9,0.7,1.0
252292,8,0,8,1.0,0.9,0.8,1.0,0.8,0.7,0.7,0.6,1.0,0.3,0.7,1.0
254053,11,0,11,1.0,0.5,0.8,1.0,0.7,0.4,0.8,0.6,1.0,0.5,0.7,1.0
112199,9,0,9,1.0,0.9,0.8,1.0,0.5,0.3,0.7,0.5,1.0,0.9,0.7,1.0
26782,6,0,6,1.0,0.7,0.8,1.0,0.5,0.5,0.7,0.5,0.9,0.8,0.7,1.0
170256,9,0,9,1.0,0.7,0.8,1.0,0.7,0.6,0.7,0.5,0.8,0.9,0.7,1.0
112240,6,0,6,1.0,0.8,0.8,1.0,0.5,0.5,0.7,0.6,1.0,0.8,0.7,0.9
112559,13,0,13,1.0,0.8,0.8,1.0,0.7,0.5,0.7,0.6,0.8,0.8,0.7,1.0
112590,8,0,8,1.0,0.5,0.8,1.0,0.7,0.6,0.7,0.8,1.0,0.9,0.7,1.0
30531,6,0,6,1.0,0.7,0.8,1.0,0.5,0.6,0.8,0.6,0.8,0.7,0.7,0.9
27313,5,0,5,1.0,0.3,0.8,0.8,0.5,0.3,0.8,0.6,0.6,0.9,0.7,0.7
254289,6,0,6,1.0,0.7,0.8,1.0,0.5,1.0,0.7,0.4,1.0,0.9,0.7,1.0
107510,10,0,10,1.0,0.6,0.8,1.0,0.7,0.9,0.7,0.5,0.9,0.6,0.7,1.0
30854,6,0,6,1.0,0.6,0.8,1.0,0.7,0.7,0.7,0.4,1.0,0.8,0.7,1.0
28144,10,0,10,1.0,0.6,0.8,1.0,0.6,0.8,0.7,0.5,1.0,0.8,0.7,0.9
250398,19,0,19,1.0,0.7,0.8,1.0,0.5,0.8,0.7,0.4,1.0,0.5,0.7,1.0
30645,6,0,6,1.0,0.7,0.8,1.0,0.7,0.9,0.7,0.4,1.0,1.0,0.7,1.0
107523,7,0,7,1.0,0.8,0.8,1.0,0.6,0.3,0.8,0.7,1.0,0.8,0.7,0.9
30749,6,0,6,1.0,0.7,0.8,1.0,0.4,0.6,0.8,0.4,1.0,1.0,0.7,1.0
28289,7,0,7,1.0,0.6,0.8,0.8,0.7,0.9,0.7,0.4,0.6,1.0,0.7,1.0
171082,11,0,11,1.0,0.8,0.8,1.0,0.5,0.7,0.7,0.5,1.0,1.0,0.7,1.0
28139,5,0,5,1.0,0.5,0.8,0.7,0.5,0.7,0.7,0.7,0.5,0.6,0.7,0.8
171096,5,0,5,1.0,0.6,0.8,1.0,0.5,0.9,0.8,0.5,0.7,0.4,0.7,1.0
171055,5,0,5,1.0,0.9,0.8,0.9,0.3,0.6,0.7,0.6,0.8,0.4,0.7,0.9
253311,8,0,8,1.0,0.7,0.8,1.0,0.6,0.6,0.8,0.6,1.0,0.7,0.7,1.0
110700,7,0,7,1.0,0.9,0.8,1.0,0.5,0.3,0.7,0.7,0.8,1.0,0.7,0.8
28451,23,0,23,1.0,0.7,0.8,1.0,0.5,0.5,0.7,0.2,1.0,0.8,0.7,1.0
253322,7,0,7,1.0,0.8,0.8,0.9,0.9,0.8,0.8,0.6,0.7,1.0,0.7,0.9
171050,9,0,9,1.0,0.7,0.8,0.9,0.5,0.2,0.8,0.6,1.0,0.7,0.7,1.0
170966,6,0,6,1.0,0.7,0.8,1.0,0.8,0.4,0.8,0.4,1.0,0.8,0.7,1.0
111536,5,0,5,1.0,0.6,0.8,1.0,0.5,0.6,0.7,0.7,1.0,0.4,0.7,0.9
30838,6,0,6,1.0,0.6,0.8,0.9,0.6,0.6,0.7,0.4,1.0,0.3,0.7,1.0
170866,5,0,5,1.0,0.5,0.8,0.8,0.6,0.9,0.7,0.7,0.8,1.0,0.7,0.9
170850,5,0,5,1.0,0.7,0.8,0.8,0.6,0.3,0.7,0.5,0.9,0.3,0.7,1.0
171359,7,0,7,1.0,0.8,0.8,1.0,0.5,0.7,0.7,0.3,1.0,0.9,0.7,1.0
170845,5,0,5,1.0,0.9,0.8,0.8,0.3,0.5,0.7,0.5,0.7,0.9,0.7,1.0
250101,14,0,14,1.0,0.7,0.8,1.0,0.5,0.5,0.8,0.6,0.9,1.0,0.7,0.9
111816,8,0,8,1.0,0.9,0.8,0.9,0.6,0.8,0.8,0.6,0.9,0.6,0.7,0.8
175463,5,0,5,1.0,0.4,0.8,1.0,0.7,1.0,0.8,0.6,1.0,0.9,0.7,1.0
167494,10,0,10,1.0,0.9,0.8,1.0,0.7,0.6,0.7,0.5,0.7,0.8,0.7,0.7
112914,7,0,7,1.0,0.5,0.8,0.9,0.7,0.8,0.7,0.8,0.7,0.9,0.7,0.7
26624,6,0,6,1.0,0.6,0.8,0.6,0.4,0.2,0.7,0.6,0.8,0.3,0.7,0.3
169006,8,0,8,1.0,0.6,0.8,1.0,0.5,0.8,0.7,0.5,0.9,0.8,0.7,0.9
114378,5,0,5,1.0,0.8,0.8,1.0,0.6,0.9,0.7,0.7,0.6,0.6,0.7,1.0
172374,5,0,5,1.0,0.8,0.8,0.9,0.4,0.5,0.7,0.6,0.8,0.9,0.7,0.9
250506,5,0,5,1.0,0.7,0.8,0.9,0.5,0.4,0.8,0.4,1.0,0.8,0.7,1.0
168805,6,0,6,1.0,0.5,0.8,1.0,0.7,0.1,0.7,0.5,1.0,0.8,0.7,1.0
168464,6,0,6,1.0,0.3,0.8,0.9,0.9,0.9,0.7,0.9,0.9,1.0,0.7,0.3
255858,6,0,6,1.0,0.6,0.8,1.0,0.7,0.4,0.7,0.6,1.0,0.9,0.7,0.7
250543,8,0,8,1.0,0.8,0.8,1.0,0.5,0.3,0.7,0.5,1.0,0.8,0.7,1.0
114643,5,0,5,1.0,0.6,0.8,1.0,0.6,0.5,0.8,0.4,1.0,0.8,0.7,1.0
168036,14,0,14,1.0,0.6,0.8,0.9,0.6,0.4,0.7,0.5,1.0,0.9,0.7,0.6
168016,5,0,5,1.0,0.7,0.8,1.0,0.5,0.5,0.7,0.5,1.0,0.9,0.7,1.0
25996,7,0,7,1.0,0.7,0.8,0.9,0.7,0.9,0.7,0.7,0.8,0.6,0.7,0.8
167782,6,0,6,1.0,0.7,0.8,0.9,0.5,0.9,0.7,0.7,0.8,0.5,0.7,0.7
25395,12,0,12,1.0,0.8,0.8,1.0,0.4,0.3,0.7,0.5,0.9,1.0,0.7,0.9
115963,6,0,6,1.0,0.9,0.8,1.0,0.5,0.8,0.7,0.4,1.0,0.7,0.7,1.0
256844,9,0,9,1.0,0.8,0.8,1.0,0.6,0.7,0.7,0.5,1.0,0.8,0.7,1.0
115998,7,0,7,1.0,0.8,0.8,1.0,0.4,0.4,0.7,0.7,1.0,0.8,0.7,0.9
167587,15,0,15,1.0,0.7,0.8,0.9,0.5,0.6,0.7,0.3,0.9,1.0,0.7,1.0
116249,5,0,5,1.0,0.9,0.8,1.0,0.5,0.6,0.7,0.3,0.9,0.8,0.7,0.9
106369,12,0,12,1.0,0.8,0.8,1.0,0.5,0.4,0.7,0.5,1.0,0.9,0.7,1.0
116313,5,0,5,1.0,0.7,0.8,0.9,0.6,0.3,0.7,0.3,1.0,0.3,0.7,1.0
116433,5,0,5,1.0,0.7,0.8,0.8,0.6,0.5,0.7,0.7,1.0,0.5,0.7,0.1
25009,6,0,6,1.0,0.7,0.8,1.0,0.5,0.7,0.7,0.5,0.9,0.8,0.7,0.6
109519,8,0,8,1.0,0.7,0.8,1.0,0.7,0.7,0.8,0.5,1.0,1.0,0.7,1.0
176785,6,0,6,1.0,0.8,0.8,1.0,0.6,0.4,0.7,0.5,0.8,0.8,0.7,1.0
26756,5,0,5,1.0,0.5,0.8,1.0,0.6,0.3,0.7,0.3,0.8,1.0,0.7,0.8
26134,7,0,7,1.0,0.6,0.8,1.0,0.8,0.6,0.7,0.5,1.0,0.8,0.7,1.0
113966,5,0,5,1.0,0.6,0.8,0.8,0.6,0.8,0.7,0.6,0.8,0.4,0.7,0.8
113531,12,0,12,1.0,0.8,0.8,1.0,0.6,0.5,0.7,0.6,1.0,0.8,0.7,1.0
169492,5,0,5,1.0,0.7,0.8,0.9,0.4,0.5,0.8,0.4,0.9,0.6,0.7,0.9
169465,5,0,5,1.0,0.6,0.8,1.0,0.5,0.7,0.7,0.5,0.7,1.0,0.7,0.8
26598,8,0,8,1.0,0.8,0.8,0.8,0.5,0.8,0.7,0.5,0.8,0.4,0.7,0.9
169438,5,0,5,1.0,0.5,0.8,0.9,0.3,0.4,0.7,0.8,1.0,0.8,0.7,0.8
254690,5,0,5,1.0,0.7,0.8,0.8,0.5,0.7,0.7,0.3,0.7,1.0,0.7,0.7
252287,12,0,12,1.0,0.9,0.8,1.0,0.4,0.8,0.7,0.4,1.0,0.9,0.7,1.0
254751,5,0,5,1.0,0.7,0.8,1.0,0.5,0.3,0.8,0.6,0.6,0.8,0.7,1.0
250851,5,0,5,1.0,0.7,0.8,0.9,0.7,1.0,0.8,0.6,0.9,0.7,0.7,0.9
254754,5,0,5,1.0,0.5,0.8,0.8,0.5,0.8,0.7,0.4,0.9,0.6,0.7,0.9
110076,5,0,5,1.0,0.5,0.8,1.0,0.5,0.3,0.8,0.6,0.9,0.9,0.7,1.0
107109,5,0,5,1.0,0.7,0.8,0.9,0.7,0.7,0.8,0.6,0.9,0.5,0.7,0.8
254777,5,0,5,1.0,0.8,0.8,0.8,0.5,0.6,0.7,0.5,0.9,1.0,0.7,0.9
252233,5,0,5,1.0,0.8,0.8,1.0,0.5,0.8,0.7,0.5,0.6,0.6,0.7,0.8
113602,5,0,5,1.0,0.0,0.8,1.0,0.6,0.4,0.7,0.7,0.9,0.4,0.7,1.0
28731,5,0,5,1.0,0.8,0.8,0.9,0.6,0.8,0.7,0.3,1.0,0.8,0.7,1.0
254863,7,0,7,1.0,0.7,0.8,1.0,0.8,0.3,0.7,0.6,1.0,0.9,0.7,1.0
254971,6,0,6,1.0,0.8,0.8,0.7,0.5,0.7,0.7,0.4,0.9,0.9,0.7,0.4
26521,5,0,5,1.0,0.7,0.8,0.9,0.5,0.7,0.7,0.6,0.8,1.0,0.7,0.9
169400,7,0,7,1.0,0.4,0.8,1.0,0.8,0.7,0.7,0.4,1.0,0.8,0.7,1.0
26516,8,0,8,1.0,0.8,0.8,1.0,0.5,0.7,0.8,0.6,1.0,1.0,0.7,1.0
26374,5,0,5,1.0,0.6,0.8,0.9,0.7,0.8,0.8,0.8,0.8,0.9,0.7,0.9
255289,5,0,5,1.0,0.7,0.8,0.9,0.4,0.6,0.8,0.7,0.8,0.5,0.7,0.9
169309,9,0,9,1.0,0.6,0.8,1.0,0.5,0.7,0.7,0.6,1.0,0.8,0.7,1.0
26538,5,0,5,1.0,0.8,0.8,0.9,0.5,0.5,0.7,0.6,0.9,1.0,0.7,0.8
176256,8,0,8,1.0,0.6,0.8,1.0,0.7,0.5,0.8,0.6,0.9,1.0,0.7,1.0
123115,5,0,5,1.0,0.8,0.8,1.0,0.7,0.4,0.7,0.2,0.9,0.9,0.7,1.0
120030,5,0,5,1.0,0.9,0.8,1.0,0.4,0.5,0.7,0.6,1.0,1.0,0.7,1.0
7620,8,0,8,1.0,0.4,0.8,1.0,0.5,0.6,0.7,0.5,1.0,0.9,0.7,0.9
149140,6,0,6,1.0,0.3,0.8,1.0,0.5,0.4,0.7,0.5,1.0,0.9,0.7,1.0
7887,9,0,9,1.0,0.5,0.8,1.0,0.5,0.6,0.8,0.4,1.0,1.0,0.7,0.9
149231,10,0,10,1.0,0.6,0.8,0.9,0.8,0.6,0.7,0.9,1.0,0.9,0.7,0.8
8187,9,0,9,1.0,0.8,0.8,1.0,0.5,0.9,0.7,0.4,0.9,1.0,0.7,1.0
149259,5,0,5,1.0,0.7,0.8,0.8,0.5,0.9,0.7,0.5,0.9,1.0,0.7,0.9
271460,19,0,19,1.0,0.8,0.8,1.0,0.9,0.8,0.7,0.9,1.0,0.9,0.7,1.0
133166,9,0,9,1.0,0.9,0.8,1.0,0.7,0.7,0.8,0.5,1.0,1.0,0.7,1.0
8323,7,0,7,1.0,0.9,0.8,1.0,0.5,0.8,0.8,0.5,1.0,0.8,0.7,1.0
149843,11,0,11,1.0,0.7,0.8,1.0,0.5,0.4,0.7,0.2,1.0,0.6,0.7,0.4
150000,5,0,5,1.0,0.7,0.8,1.0,0.8,1.0,0.8,0.7,1.0,1.0,0.7,1.0
150498,11,0,11,1.0,0.6,0.8,1.0,0.4,0.3,0.7,0.5,0.8,0.9,0.7,1.0
132616,5,0,5,1.0,0.3,0.8,0.9,0.5,0.5,0.8,0.5,1.0,0.8,0.7,1.0
8695,8,0,8,1.0,0.8,0.8,1.0,0.5,0.9,0.7,0.8,1.0,0.7,0.7,0.8
132981,5,0,5,1.0,0.7,0.8,0.9,0.4,0.8,0.7,0.5,0.9,0.9,0.7,0.8
132392,12,0,12,1.0,0.8,0.8,1.0,0.5,0.7,0.7,0.4,0.7,0.9,0.7,0.7
133557,6,0,6,1.0,0.6,0.8,1.0,0.6,0.5,0.7,0.7,1.0,0.6,0.7,1.0
134029,7,0,7,1.0,0.4,0.8,1.0,0.5,0.6,0.8,0.6,1.0,0.4,0.7,1.0
146699,5,0,5,1.0,0.6,0.8,1.0,0.8,0.7,0.7,0.6,1.0,1.0,0.7,0.8
5741,5,0,5,1.0,0.7,0.8,1.0,0.6,0.8,0.7,0.6,1.0,0.9,0.7,0.8
135665,5,0,5,1.0,0.7,0.8,0.9,0.5,1.0,0.8,0.5,0.7,0.7,0.7,0.4
5815,6,0,6,1.0,0.8,0.8,1.0,0.5,0.6,0.8,0.6,1.0,0.3,0.7,1.0
6333,6,0,6,1.0,0.8,0.8,1.0,0.4,0.5,0.7,0.4,0.6,0.9,0.7,0.7
134761,13,0,13,1.0,0.5,0.8,1.0,0.5,0.3,0.7,0.3,0.9,0.7,0.7,0.9
271538,10,0,10,1.0,0.6,0.8,1.0,0.7,0.5,0.7,0.5,0.8,0.9,0.7,0.8
134630,5,0,5,1.0,0.6,0.8,1.0,0.6,0.5,0.7,0.4,1.0,1.0,0.7,0.9
134508,12,0,12,1.0,0.8,0.8,1.0,0.7,0.3,0.8,0.4,1.0,0.9,0.7,0.9
148191,7,0,7,1.0,0.5,0.8,1.0,0.6,0.6,0.8,0.7,0.7,0.0,0.7,1.0
134120,6,0,6,1.0,0.5,0.8,1.0,0.5,0.5,0.7,0.5,0.9,0.7,0.7,1.0
6679,5,0,5,1.0,0.9,0.8,0.9,0.5,0.7,0.7,0.6,0.7,0.9,0.7,0.8
6769,7,0,7,1.0,0.6,0.8,0.9,0.5,0.7,0.7,0.5,1.0,0.9,0.7,0.9
6789,7,0,7,1.0,0.7,0.8,0.9,0.6,0.3,0.8,0.6,0.7,0.5,0.7,0.8
147900,7,0,7,1.0,0.9,0.8,1.0,0.6,0.7,0.7,0.5,1.0,0.6,0.7,0.9
132282,14,0,14,1.0,0.7,0.8,1.0,0.8,0.3,0.8,0.4,1.0,0.8,0.7,0.8
8872,13,0,13,1.0,0.6,0.8,1.0,0.6,0.7,0.7,0.3,1.0,0.8,0.7,1.0
8930,5,0,5,1.0,0.8,0.8,1.0,0.6,0.9,0.7,0.3,0.8,1.0,0.7,1.0
269719,12,0,12,1.0,0.7,0.8,1.0,0.7,0.6,0.8,0.7,0.9,0.4,0.7,1.0
269702,6,0,6,1.0,0.4,0.8,1.0,0.7,0.4,0.7,0.6,0.8,0.9,0.7,1.0
130438,9,0,9,1.0,0.6,0.8,1.0,0.6,0.3,0.7,0.6,0.7,0.6,0.7,1.0
130168,6,0,6,1.0,0.8,0.8,1.0,0.5,0.9,0.7,0.6,1.0,0.8,0.7,1.0
152605,5,0,5,1.0,0.6,0.8,1.0,0.6,0.5,0.7,0.3,0.9,0.8,0.7,1.0
269353,5,0,5,1.0,0.8,0.8,1.0,0.5,0.8,0.7,0.7,0.9,0.6,0.7,0.7
10354,13,0,13,1.0,0.5,0.8,1.0,0.9,0.7,0.8,0.3,0.7,0.6,0.7,0.7
269344,9,0,9,1.0,0.8,0.8,1.0,0.8,0.7,0.7,0.4,1.0,0.9,0.7,1.0
153322,9,0,9,1.0,0.6,0.8,0.9,0.6,0.4,0.7,0.6,0.8,0.9,0.7,0.8
129338,18,0,18,1.0,0.8,0.8,1.0,0.6,0.4,0.7,0.6,1.0,0.7,0.7,1.0
153361,11,0,11,1.0,0.4,0.8,1.0,0.5,0.5,0.7,0.4,1.0,0.7,0.7,0.8
269140,7,0,7,1.0,0.6,0.8,1.0,0.3,0.5,0.8,0.6,0.9,0.9,0.7,1.0
153653,12,0,12,1.0,0.6,0.8,1.0,0.6,0.4,0.8,0.3,1.0,0.8,0.7,0.8
153723,9,0,9,1.0,0.4,0.8,1.0,0.6,0.5,0.8,0.6,0.9,0.6,0.7,1.0
129373,7,0,7,1.0,0.6,0.8,1.0,0.6,0.6,0.7,0.4,1.0,0.8,0.7,1.0
130474,39,0,39,1.0,0.5,0.8,1.0,0.5,0.2,0.8,0.5,0.8,1.0,0.7,1.0
152136,5,0,5,1.0,0.6,0.8,0.9,0.5,0.2,0.7,0.6,1.0,0.8,0.7,0.6
130581,10,0,10,1.0,0.6,0.8,1.0,0.6,0.4,0.7,0.5,1.0,0.9,0.7,1.0
131974,8,0,8,1.0,0.8,0.8,1.0,0.7,0.8,0.8,0.6,0.6,0.8,0.7,1.0
150932,6,0,6,1.0,0.6,0.8,1.0,0.6,0.6,0.8,0.6,1.0,0.9,0.7,0.8
9226,5,0,5,1.0,0.7,0.8,1.0,0.6,0.9,0.8,0.6,0.8,0.9,0.7,0.9
131597,7,0,7,1.0,0.7,0.8,0.9,0.4,1.0,0.7,0.6,0.9,1.0,0.7,1.0
9343,5,0,5,1.0,0.7,0.8,1.0,0.5,0.4,0.8,0.3,0.8,0.6,0.7,1.0
131202,6,0,6,1.0,0.8,0.8,1.0,0.6,0.8,0.8,0.5,1.0,0.9,0.7,1.0
151143,5,0,5,1.0,0.7,0.8,1.0,0.6,0.3,0.7,0.5,1.0,1.0,0.7,1.0
270226,5,0,5,1.0,0.5,0.8,0.8,0.4,0.8,0.7,0.8,0.9,0.8,0.7,1.0
270211,5,0,5,1.0,0.6,0.8,0.9,0.5,0.5,0.8,0.7,0.9,0.4,0.7,1.0
151643,5,0,5,1.0,0.9,0.8,0.8,0.5,0.4,0.7,0.6,0.9,0.9,0.7,1.0
151653,15,0,15,1.0,0.7,0.8,1.0,0.5,0.4,0.7,0.6,1.0,1.0,0.7,1.0
130866,7,0,7,1.0,0.6,0.8,0.8,0.5,0.7,0.7,0.5,0.8,0.9,0.7,1.0
130784,9,0,9,1.0,0.6,0.8,1.0,0.5,0.9,0.7,0.6,1.0,1.0,0.7,1.0
152036,5,0,5,1.0,0.8,0.8,1.0,0.7,0.3,0.7,0.3,0.9,1.0,0.7,0.9
269808,5,0,5,1.0,0.7,0.8,1.0,0.4,0.4,0.8,0.8,0.5,1.0,0.7,0.9
5665,5,0,5,1.0,0.9,0.8,1.0,0.6,0.6,0.7,0.4,1.0,1.0,0.7,1.0
272890,5,0,5,1.0,0.7,0.8,0.9,0.7,0.3,0.7,0.4,0.9,0.8,0.7,0.9
272961,6,0,6,1.0,0.7,0.8,0.9,0.5,0.6,0.7,0.5,1.0,0.8,0.7,1.0
273063,5,0,5,1.0,0.6,0.8,1.0,0.5,0.7,0.7,0.6,0.8,1.0,0.7,0.9
142801,5,0,5,1.0,0.8,0.8,0.7,0.6,0.3,0.8,0.3,0.9,0.8,0.7,0.7
138813,5,0,5,1.0,0.7,0.8,0.9,0.5,0.8,0.7,0.6,0.6,0.5,0.7,0.5
275439,7,0,7,1.0,0.7,0.8,1.0,0.6,0.2,0.8,0.5,1.0,1.0,0.7,1.0
278221,7,0,7,1.0,1.0,0.8,1.0,0.5,0.6,0.7,0.5,1.0,1.0,0.7,1.0
143009,5,0,5,1.0,0.6,0.8,1.0,0.6,0.5,0.8,0.6,1.0,0.8,0.7,1.0
138674,6,0,6,1.0,0.6,0.8,0.6,0.5,0.7,0.8,0.4,1.0,1.0,0.7,0.9
138826,5,0,5,1.0,0.5,0.8,1.0,0.5,0.3,0.7,0.3,0.9,1.0,0.7,0.9
143388,6,0,6,1.0,0.7,0.8,1.0,0.6,0.9,0.8,0.3,0.7,0.9,0.7,0.8
138330,5,0,5,1.0,0.7,0.8,0.9,0.6,0.4,0.8,0.7,0.8,1.0,0.7,0.7
138307,5,0,5,1.0,0.8,0.8,0.7,0.5,0.6,0.8,0.6,0.9,0.9,0.7,0.6
138189,10,0,10,1.0,0.7,0.8,1.0,0.4,0.4,0.7,0.5,0.8,0.5,0.7,0.9
143939,7,0,7,1.0,0.7,0.8,1.0,0.4,0.3,0.7,0.4,0.9,1.0,0.7,1.0
735,5,0,5,1.0,0.8,0.8,0.9,0.7,0.9,0.7,0.3,1.0,0.3,0.7,1.0
1129,5,0,5,1.0,0.9,0.8,1.0,0.7,0.9,0.8,0.5,0.9,1.0,0.7,0.8
114,6,0,6,1.0,0.8,0.8,1.0,0.5,0.4,0.7,0.6,1.0,0.9,0.7,1.0
139287,6,0,6,1.0,0.7,0.8,0.7,0.7,0.5,0.8,0.3,0.7,0.5,0.7,0.7
142565,6,0,6,1.0,0.7,0.8,1.0,0.5,0.5,0.7,0.3,1.0,1.0,0.7,0.9
278007,6,0,6,1.0,0.6,0.8,0.9,0.4,0.7,0.7,0.4,1.0,0.8,0.7,0.8
276964,10,0,10,1.0,0.8,0.8,1.0,0.6,0.2,0.7,0.4,0.9,0.8,0.7,1.0
277157,14,0,14,1.0,0.7,0.8,1.0,0.5,0.6,0.8,0.5,1.0,0.7,0.7,1.0
142017,6,0,6,1.0,0.6,0.8,1.0,0.8,0.8,0.7,0.7,0.9,0.7,0.7,0.9
277439,5,0,5,1.0,0.5,0.8,0.9,0.4,0.7,0.8,0.6,0.9,0.8,0.7,1.0
277523,19,0,19,1.0,0.7,0.8,1.0,0.6,0.2,0.7,0.3,1.0,0.5,0.7,1.0
139706,5,0,5,1.0,0.7,0.8,0.9,0.5,0.5,0.8,0.5,0.9,1.0,0.7,0.8
277639,12,0,12,1.0,0.6,0.8,1.0,0.3,0.6,0.7,0.6,1.0,0.8,0.7,0.9
142134,8,0,8,1.0,0.8,0.8,0.9,0.5,0.6,0.7,0.7,0.8,0.9,0.7,0.7
277710,6,0,6,1.0,0.9,0.8,1.0,0.6,1.0,0.7,0.7,1.0,0.9,0.7,1.0
277922,5,0,5,1.0,0.7,0.8,1.0,0.7,0.6,0.7,0.8,0.9,1.0,0.7,1.0
142253,6,0,6,1.0,1.0,0.8,0.9,0.3,0.6,0.7,0.6,0.9,0.6,0.7,0.7
276038,11,0,11,1.0,0.4,0.8,1.0,0.6,0.5,0.7,0.4,1.0,0.7,0.7,0.8
139421,5,0,5,1.0,0.3,0.8,1.0,0.5,0.3,0.7,0.6,1.0,0.6,0.7,0.8
275994,10,0,10,1.0,0.9,0.8,1.0,0.8,0.6,0.7,0.5,1.0,0.9,0.7,1.0
142442,7,0,7,1.0,0.7,0.8,1.0,0.6,0.9,0.7,0.6,1.0,0.8,0.7,1.0
137968,5,0,5,1.0,0.5,0.8,0.9,0.5,0.3,0.8,0.7,0.9,0.9,0.7,0.6
128915,9,0,9,1.0,0.6,0.8,1.0,0.6,0.3,0.7,0.5,1.0,1.0,0.7,0.9
137684,11,0,11,1.0,0.8,0.8,1.0,0.6,0.7,0.7,0.3,1.0,1.0,0.7,1.0
144017,5,0,5,1.0,0.4,0.8,0.7,0.8,0.6,0.8,0.5,0.7,0.9,0.7,0.5
135996,9,0,9,1.0,0.7,0.8,1.0,0.6,0.5,0.7,0.6,1.0,1.0,0.7,0.8
146207,9,0,9,1.0,0.6,0.8,1.0,0.4,0.6,0.8,0.5,1.0,1.0,0.7,1.0
4197,8,0,8,1.0,0.6,0.8,1.0,0.7,0.8,0.7,0.5,0.9,0.6,0.7,1.0
273336,5,0,5,1.0,0.4,0.8,1.0,0.6,0.3,0.7,0.4,0.8,0.8,0.7,0.4
4334,6,0,6,1.0,0.7,0.8,1.0,0.5,0.2,0.7,0.7,0.9,0.8,0.7,0.7
4938,12,0,12,1.0,0.6,0.8,1.0,0.5,0.7,0.7,0.6,0.9,0.6,0.7,0.6
3373,21,0,21,1.0,0.7,0.8,1.0,0.5,0.8,0.7,0.7,1.0,0.7,0.7,1.0
273197,8,0,8,1.0,0.8,0.8,0.9,0.3,0.4,0.8,0.2,0.9,0.7,0.7,1.0
146266,8,0,8,1.0,0.9,0.8,1.0,0.8,0.2,0.7,0.4,1.0,0.5,0.7,1.0
273113,114,0,114,1.0,0.6,0.8,1.0,0.5,0.8,0.7,0.7,1.0,0.8,0.7,1.0
146345,9,0,9,1.0,0.8,0.8,1.0,0.7,0.5,0.7,0.3,1.0,0.9,0.7,0.9
5209,5,0,5,1.0,0.8,0.8,0.9,0.5,0.7,0.7,0.1,0.9,0.8,0.7,0.8
146530,10,0,10,1.0,0.7,0.8,0.9,0.9,0.5,0.7,0.3,1.0,0.7,0.7,0.8
146573,6,0,6,1.0,0.7,0.8,0.8,0.5,0.4,0.7,0.2,0.9,0.9,0.7,1.0
5037,11,0,11,1.0,0.8,0.8,1.0,0.7,0.8,0.7,0.5,0.8,1.0,0.7,0.9
145887,5,0,5,1.0,0.7,0.8,1.0,0.6,0.6,0.8,0.4,1.0,0.9,0.7,1.0
3167,18,0,18,1.0,0.7,0.8,0.9,0.5,0.8,0.7,0.5,0.9,0.5,0.7,0.2
273869,5,0,5,1.0,0.8,0.8,0.9,0.5,0.7,0.8,0.3,0.6,0.8,0.7,0.9
137627,9,0,9,1.0,0.7,0.8,0.9,0.7,0.4,0.8,0.6,1.0,0.6,0.7,0.8
1409,5,0,5,1.0,0.7,0.8,1.0,0.4,0.8,0.7,0.5,0.9,0.8,0.7,1.0
144062,7,0,7,1.0,0.8,0.8,1.0,0.3,0.8,0.7,0.7,0.8,0.7,0.7,0.8
144229,6,0,6,1.0,0.8,0.8,0.9,0.5,0.9,0.7,0.4,1.0,0.8,0.7,0.8
137434,6,0,6,1.0,0.8,0.8,1.0,0.6,0.5,0.8,0.3,0.5,0.8,0.7,0.5
137211,16,0,16,1.0,0.5,0.8,1.0,0.8,0.7,0.8,0.7,1.0,1.0,0.7,0.9
137143,5,0,5,1.0,0.8,0.8,1.0,0.8,0.7,0.8,0.7,0.9,0.8,0.7,1.0
144632,5,0,5,1.0,0.9,0.8,1.0,0.6,0.3,0.7,0.6,0.8,0.6,0.7,1.0
137134,5,0,5,1.0,0.8,0.8,0.9,0.5,0.5,0.7,0.6,0.9,0.8,0.7,1.0
1903,9,0,9,1.0,0.7,0.8,0.7,0.9,0.7,0.7,0.4,0.7,0.7,0.7,0.6
144707,8,0,8,1.0,0.6,0.8,1.0,0.4,0.6,0.7,0.8,1.0,0.4,0.7,1.0
136735,8,0,8,1.0,0.6,0.8,1.0,0.9,0.8,0.7,0.2,1.0,0.6,0.7,1.0
144953,5,0,5,1.0,0.8,0.8,1.0,0.7,0.3,0.7,0.7,1.0,0.9,0.7,1.0
2287,6,0,6,1.0,0.8,0.8,1.0,0.4,0.4,0.7,0.6,0.9,0.5,0.7,0.7
2288,6,0,6,1.0,0.5,0.8,1.0,0.5,0.5,0.8,0.5,1.0,1.0,0.7,1.0
274881,7,0,7,1.0,0.8,0.8,1.0,0.6,0.7,0.8,0.5,0.8,0.7,0.7,1.0
21660,5,0,5,1.0,0.8,0.8,0.8,0.7,0.5,0.8,0.5,0.9,0.6,0.7,1.0
11708,6,0,6,1.0,0.7,0.8,0.8,0.6,1.0,0.7,0.5,0.9,0.7,0.7,0.9
268691,7,0,7,1.0,0.8,0.8,0.9,0.7,0.5,0.7,0.6,1.0,1.0,0.7,0.6
18203,6,0,6,1.0,0.5,0.8,1.0,0.5,0.5,0.8,0.2,1.0,0.9,0.7,0.9
18439,7,0,7,1.0,0.6,0.8,1.0,0.5,0.5,0.8,0.7,0.9,1.0,0.7,0.8
123160,6,0,6,1.0,0.9,0.8,1.0,0.4,0.2,0.7,0.4,1.0,1.0,0.7,0.9
18689,5,0,5,1.0,0.6,0.8,0.8,0.5,0.6,0.7,0.5,1.0,0.4,0.7,0.9
161744,7,0,7,1.0,0.6,0.8,1.0,0.4,0.5,0.7,0.4,1.0,0.9,0.7,0.9
263663,10,0,10,1.0,0.9,0.8,0.7,0.6,0.5,0.7,0.5,0.6,0.2,0.7,0.7
123228,6,0,6,1.0,0.5,0.8,0.7,0.6,0.6,0.8,0.6,0.9,1.0,0.7,1.0
106302,6,0,6,1.0,0.6,0.8,1.0,0.6,0.3,0.8,0.6,0.8,1.0,0.7,0.9
19362,6,0,6,1.0,0.6,0.8,1.0,0.8,0.9,0.8,0.5,1.0,0.8,0.7,1.0
19429,8,0,8,1.0,0.6,0.8,1.0,0.8,0.7,0.7,0.5,1.0,0.9,0.7,1.0
161752,9,0,9,1.0,0.8,0.8,1.0,0.7,0.5,0.7,0.5,0.9,0.8,0.7,1.0
19503,6,0,6,1.0,0.4,0.8,1.0,0.7,0.9,0.7,0.6,0.6,0.9,0.7,0.9
161870,5,0,5,1.0,0.5,0.8,1.0,0.6,0.9,0.7,0.8,0.6,0.8,0.7,0.7
263321,8,0,8,1.0,0.7,0.8,1.0,0.6,0.5,0.8,0.6,1.0,0.8,0.7,1.0
19145,7,0,7,1.0,0.8,0.8,0.8,0.6,0.8,0.7,0.5,0.8,0.6,0.7,0.8
19571,6,0,6,1.0,0.9,0.8,0.9,0.4,0.9,0.7,0.6,0.9,0.6,0.7,1.0
161385,5,0,5,1.0,0.7,0.8,1.0,0.5,0.5,0.7,0.7,1.0,0.7,0.7,0.9
264464,6,0,6,1.0,0.8,0.8,1.0,0.5,0.6,0.7,0.3,0.9,1.0,0.7,0.7
124488,5,0,5,1.0,0.7,0.8,1.0,0.5,0.6,0.8,0.4,1.0,0.8,0.7,1.0
124474,9,0,9,1.0,0.0,0.8,1.0,0.7,0.2,0.8,0.5,1.0,0.7,0.7,1.0
160231,8,0,8,1.0,0.5,0.8,1.0,0.4,0.6,0.7,0.7,1.0,0.5,0.7,0.5
16798,5,0,5,1.0,0.7,0.8,0.9,0.4,0.7,0.7,0.5,0.9,0.9,0.7,0.7
160344,6,0,6,1.0,0.5,0.8,1.0,0.5,0.5,0.8,0.6,1.0,0.9,0.7,1.0
124207,5,0,5,1.0,0.7,0.8,1.0,0.6,0.2,0.7,0.5,1.0,0.9,0.7,1.0
123430,16,0,16,1.0,0.6,0.8,0.9,0.7,0.5,0.7,0.7,1.0,0.7,0.7,1.0
160735,17,0,17,1.0,0.6,0.8,1.0,0.5,0.8,0.8,0.4,1.0,0.7,0.7,1.0
160746,6,0,6,1.0,0.4,0.8,0.9,0.6,0.9,0.7,0.5,0.9,0.9,0.7,1.0
160878,5,0,5,1.0,0.9,0.8,0.8,0.5,0.4,0.7,0.6,0.7,0.9,0.7,1.0
160994,7,0,7,1.0,1.0,0.8,1.0,0.4,0.5,0.8,0.3,0.8,0.8,0.7,0.9
264628,5,0,5,1.0,0.6,0.8,1.0,0.5,1.0,0.8,0.6,1.0,0.9,0.7,1.0
161234,12,0,12,1.0,0.7,0.8,1.0,0.5,0.8,0.7,0.6,1.0,0.9,0.7,1.0
123510,13,0,13,1.0,0.3,0.8,0.9,0.6,0.5,0.7,0.2,0.7,0.5,0.7,0.9
17159,5,0,5,1.0,0.6,0.8,1.0,0.5,0.7,0.8,0.6,1.0,0.9,0.7,0.9
19659,5,0,5,1.0,0.7,0.8,0.9,0.6,0.6,0.7,0.9,0.9,0.7,0.7,0.9
161880,6,0,6,1.0,0.6,0.8,0.9,0.6,0.6,0.7,0.7,0.9,1.0,0.7,0.8
263078,6,0,6,1.0,0.8,0.8,1.0,0.5,0.4,0.7,0.7,0.8,1.0,0.7,0.8
121167,8,0,8,1.0,0.6,0.8,1.0,0.6,0.8,0.7,0.5,0.9,0.9,0.7,0.7
163194,6,0,6,1.0,0.7,0.8,1.0,0.7,0.8,0.7,0.8,1.0,1.0,0.7,1.0
121166,6,0,6,1.0,0.7,0.8,1.0,0.8,0.6,0.8,0.7,0.8,0.8,0.7,0.6
121083,8,0,8,1.0,0.9,0.8,1.0,0.5,0.4,0.8,0.5,1.0,1.0,0.7,1.0
120807,7,0,7,1.0,0.7,0.8,0.8,0.7,0.4,0.7,0.6,0.9,0.8,0.7,0.9
163430,8,0,8,1.0,0.8,0.8,0.9,0.5,0.5,0.7,0.7,1.0,0.8,0.7,1.0
121405,5,0,5,1.0,0.6,0.8,1.0,0.5,0.7,0.7,0.4,1.0,1.0,0.7,1.0
261185,5,0,5,1.0,0.7,0.8,1.0,0.3,0.4,0.7,0.5,1.0,0.8,0.7,0.9
120735,7,0,7,1.0,0.6,0.8,1.0,0.6,0.7,0.7,0.5,0.8,1.0,0.7,1.0
163443,6,0,6,1.0,0.6,0.8,1.0,0.5,0.4,0.7,0.5,1.0,0.8,0.7,1.0
163579,7,0,7,1.0,0.0,0.8,1.0,0.4,0.4,0.7,0.7,0.9,0.3,0.7,1.0
163600,8,0,8,1.0,0.7,0.8,1.0,0.6,0.8,0.7,0.5,1.0,0.9,0.7,1.0
21356,18,0,18,1.0,0.4,0.8,1.0,0.7,0.9,0.8,0.6,1.0,0.8,0.7,0.8
163759,5,0,5,1.0,0.7,0.8,1.0,0.5,0.8,0.8,0.6,1.0,1.0,0.7,1.0
21049,5,0,5,1.0,0.5,0.8,1.0,0.6,0.2,0.7,0.6,0.6,1.0,0.7,1.0
262151,7,0,7,1.0,0.5,0.8,1.0,0.6,0.3,0.7,0.5,1.0,1.0,0.7,1.0
20484,6,0,6,1.0,0.8,0.8,1.0,0.5,0.9,0.7,0.3,1.0,0.7,0.7,1.0
162762,6,0,6,1.0,0.6,0.8,1.0,0.8,0.9,0.7,0.7,0.7,0.6,0.7,0.7
122883,6,0,6,1.0,0.8,0.8,0.7,0.4,0.9,0.7,0.5,0.9,0.9,0.7,0.9
19760,5,0,5,1.0,0.9,0.8,0.8,0.5,0.5,0.7,0.7,0.7,0.8,0.7,0.9
162121,6,0,6,1.0,1.0,0.8,1.0,0.6,0.6,0.7,0.3,0.9,0.7,0.7,1.0
19972,5,0,5,1.0,0.6,0.8,0.8,0.5,0.7,0.7,0.3,0.9,0.7,0.7,1.0
162219,9,0,9,1.0,0.8,0.8,1.0,0.5,0.5,0.7,0.4,1.0,0.7,0.7,0.2
122643,5,0,5,1.0,0.7,0.8,0.8,0.5,0.3,0.7,0.7,0.9,0.5,0.7,0.9
20115,5,0,5,1.0,0.9,0.8,1.0,0.5,0.5,0.8,0.4,0.8,1.0,0.7,0.9
262469,9,0,9,1.0,1.0,0.8,1.0,0.7,0.7,0.8,0.3,0.8,0.5,0.7,0.9
122418,6,0,6,1.0,0.6,0.8,1.0,0.4,0.4,0.7,0.4,1.0,0.8,0.7,1.0
122386,7,0,7,1.0,0.8,0.8,1.0,0.5,0.7,0.8,0.7,1.0,0.8,0.7,0.9
262399,12,0,12,1.0,0.6,0.8,1.0,0.9,0.5,0.7,0.6,1.0,0.8,0.7,1.0
162610,5,0,5,1.0,0.6,0.8,0.9,0.6,0.7,0.8,0.4,1.0,0.7,0.7,1.0
262317,8,0,8,1.0,0.7,0.8,1.0,0.4,0.9,0.7,0.5,0.9,0.8,0.7,1.0
162662,5,0,5,1.0,0.7,0.8,1.0,0.6,0.7,0.7,0.5,0.8,0.8,0.7,1.0
20201,19,0,19,1.0,0.6,0.8,1.0,0.7,0.5,0.7,0.6,0.8,0.3,0.7,0.9
159868,13,0,13,1.0,0.9,0.8,1.0,0.5,0.2,0.7,0.6,1.0,1.0,0.7,0.9
124720,9,0,9,1.0,0.6,0.8,0.8,0.6,0.2,0.7,0.6,0.8,0.9,0.7,1.0
159754,6,0,6,1.0,0.8,0.8,1.0,0.5,0.3,0.7,0.2,0.9,0.9,0.7,1.0
159647,5,0,5,1.0,0.9,0.8,0.9,0.5,0.5,0.7,0.3,1.0,0.9,0.7,1.0
155444,12,0,12,1.0,0.7,0.8,1.0,0.6,0.7,0.8,0.5,1.0,1.0,0.7,1.0
127190,14,0,14,1.0,0.6,0.8,1.0,0.8,0.7,0.8,0.6,1.0,0.8,0.7,0.9
155743,9,0,9,1.0,0.9,0.8,1.0,0.5,0.8,0.7,0.6,1.0,0.8,0.7,1.0
13518,14,0,14,1.0,0.8,0.8,1.0,0.6,0.4,0.8,0.6,1.0,1.0,0.7,1.0
13551,9,0,9,1.0,0.7,0.8,1.0,0.8,0.2,0.7,0.6,0.9,0.7,0.7,1.0
13600,5,0,5,1.0,0.6,0.8,0.6,0.5,0.3,0.7,0.4,0.7,0.7,0.7,0.7
127389,5,0,5,1.0,0.8,0.8,1.0,0.3,0.2,0.7,0.4,1.0,1.0,0.7,0.9
267444,10,0,10,1.0,0.8,0.8,1.0,0.6,0.5,0.8,0.5,1.0,0.7,0.7,0.9
127024,7,0,7,1.0,0.7,0.8,1.0,0.5,0.4,0.7,0.5,1.0,0.7,0.7,0.9
126907,5,0,5,1.0,0.9,0.8,1.0,0.7,0.5,0.7,0.6,1.0,0.8,0.7,0.8
155989,7,0,7,1.0,0.8,0.8,1.0,0.5,0.8,0.7,0.6,1.0,0.8,0.7,1.0
13604,9,0,9,1.0,0.8,0.8,1.0,0.3,0.8,0.7,0.3,1.0,0.8,0.7,0.9
267282,13,0,13,1.0,0.5,0.8,1.0,0.6,0.9,0.7,0.3,1.0,0.7,0.7,0.0
267256,5,0,5,1.0,0.7,0.8,1.0,0.5,0.5,0.7,0.6,0.9,0.8,0.7,1.0
267442,5,0,5,1.0,0.5,0.8,0.8,0.5,0.9,0.7,0.7,0.8,0.8,0.7,0.4
267644,5,0,5,1.0,0.6,0.8,0.9,0.5,0.6,0.7,0.8,0.9,0.9,0.7,0.9
155343,5,0,5,1.0,0.7,0.8,1.0,0.6,0.3,0.7,0.4,1.0,0.9,0.7,0.8
267680,5,0,5,1.0,0.6,0.8,1.0,0.5,0.4,0.7,0.4,1.0,0.8,0.7,0.7
154269,5,0,5,1.0,0.5,0.8,1.0,0.5,0.6,0.8,0.6,0.5,0.9,0.7,0.9
12194,7,0,7,1.0,0.8,0.8,1.0,0.5,0.7,0.7,0.3,1.0,0.7,0.7,0.7
128014,8,0,8,1.0,0.6,0.8,1.0,0.6,0.4,0.7,0.4,0.9,0.6,0.7,1.0
268540,10,0,10,1.0,0.7,0.8,1.0,0.5,0.6,0.7,0.6,0.8,0.5,0.7,1.0
12348,6,0,6,1.0,0.6,0.8,0.9,0.6,0.7,0.8,0.5,0.7,0.4,0.7,0.7
154791,6,0,6,1.0,0.5,0.8,0.7,0.5,0.4,0.7,0.3,1.0,0.5,0.7,0.8
154844,20,0,20,1.0,0.5,0.8,1.0,0.5,0.7,0.7,0.6,0.9,0.8,0.7,1.0
12698,6,0,6,1.0,0.7,0.8,1.0,0.5,0.5,0.7,0.7,1.0,1.0,0.7,0.4
12707,6,0,6,1.0,0.6,0.8,1.0,0.6,0.6,0.7,0.6,0.8,1.0,0.7,0.8
12784,9,0,9,1.0,0.6,0.8,1.0,0.5,0.6,0.8,0.5,0.9,0.3,0.7,1.0
127970,5,0,5,1.0,1.0,0.8,1.0,0.6,0.6,0.7,0.4,0.9,0.9,0.7,1.0
127438,5,0,5,1.0,0.8,0.8,1.0,0.7,0.7,0.8,0.5,1.0,0.9,0.7,1.0
127432,7,0,7,1.0,0.7,0.8,1.0,0.5,0.9,0.8,0.3,1.0,1.0,0.7,1.0
12990,5,0,5,1.0,0.6,0.8,1.0,0.5,0.9,0.7,0.6,1.0,0.9,0.7,1.0
127417,5,0,5,1.0,0.6,0.8,1.0,0.5,0.7,0.7,0.6,0.9,1.0,0.7,0.6
13666,6,0,6,1.0,0.7,0.8,1.0,0.5,0.4,0.8,0.7,1.0,0.9,0.7,1.0
268704,5,0,5,1.0,0.6,0.8,0.9,0.6,0.2,0.7,0.6,0.9,0.9,0.7,0.3
13733,5,0,5,1.0,0.5,0.8,1.0,0.6,0.8,0.8,0.7,1.0,0.9,0.7,1.0
14180,7,0,7,1.0,0.7,0.8,0.9,0.5,0.3,0.7,0.7,0.9,0.8,0.7,0.8
158103,10,0,10,1.0,0.8,0.8,1.0,0.5,0.3,0.8,0.4,1.0,0.9,0.7,0.9
266164,13,0,13,1.0,0.7,0.8,1.0,0.5,0.4,0.8,0.3,1.0,0.9,0.7,0.9
125217,9,0,9,1.0,0.6,0.8,0.7,0.3,0.7,0.7,0.5,0.8,0.7,0.7,1.0
125171,5,0,5,1.0,0.5,0.8,0.8,0.5,0.7,0.7,0.4,0.9,0.6,0.7,0.9
125133,5,0,5,1.0,0.9,0.8,1.0,0.7,0.9,0.7,0.6,1.0,0.9,0.7,1.0
265972,7,0,7,1.0,0.7,0.8,0.9,0.5,0.7,0.7,0.5,0.9,0.9,0.7,1.0
158043,6,0,6,1.0,0.4,0.8,1.0,0.6,0.2,0.8,0.6,1.0,0.9,0.7,0.9
16488,12,0,12,1.0,0.6,0.8,1.0,0.5,0.6,0.8,0.7,0.8,0.8,0.7,0.8
159044,5,0,5,1.0,0.8,0.8,0.9,0.6,0.7,0.8,0.6,0.9,0.7,0.7,1.0
125060,11,0,11,1.0,0.7,0.8,1.0,0.7,0.4,0.7,0.7,0.9,0.7,0.7,1.0
124993,5,0,5,1.0,0.6,0.8,0.9,0.5,0.9,0.7,0.8,1.0,1.0,0.7,0.8
265656,12,0,12,1.0,0.7,0.8,1.0,0.6,0.4,0.8,0.5,1.0,0.9,0.7,1.0
265620,11,0,11,1.0,0.7,0.8,1.0,0.5,0.8,0.7,0.8,1.0,1.0,0.7,1.0
16551,6,0,6,1.0,0.6,0.8,1.0,0.7,0.4,0.8,0.7,0.9,1.0,0.7,0.9
265918,8,0,8,1.0,0.8,0.8,0.9,0.6,0.6,0.7,0.5,0.8,0.6,0.7,1.0
266268,30,0,30,1.0,0.7,0.8,1.0,0.6,0.4,0.7,0.5,1.0,0.9,0.7,1.0
158034,6,0,6,1.0,0.7,0.8,1.0,0.6,0.9,0.8,0.4,0.8,0.9,0.7,0.8
158033,9,0,9,1.0,0.5,0.8,1.0,0.7,0.3,0.7,0.7,0.9,0.5,0.7,0.5
156163,5,0,5,1.0,0.5,0.8,0.7,0.6,0.3,0.7,0.6,0.8,0.7,0.7,0.6
266940,5,0,5,1.0,0.6,0.8,0.9,0.4,0.7,0.8,0.2,0.9,0.7,0.7,0.4
14393,6,0,6,1.0,0.7,0.8,1.0,0.4,0.5,0.7,0.3,0.9,0.7,0.7,0.7
14461,5,0,5,1.0,0.7,0.8,0.7,0.5,0.7,0.8,0.5,0.9,0.9,0.7,0.9
126824,5,0,5,1.0,0.6,0.8,1.0,0.6,0.9,0.8,0.6,1.0,0.9,0.7,0.9
126812,11,0,11,1.0,0.8,0.8,0.9,0.5,0.5,0.7,0.3,0.9,1.0,0.7,0.9
15144,8,0,8,1.0,0.8,0.8,1.0,0.4,0.7,0.8,0.5,0.8,1.0,0.7,1.0
156706,6,0,6,1.0,0.6,0.8,0.9,0.5,0.5,0.7,0.8,0.9,0.8,0.7,0.9
157625,7,0,7,1.0,0.7,0.8,1.0,0.7,0.4,0.7,0.6,0.8,0.8,0.7,1.0
16010,7,0,7,1.0,0.8,0.8,1.0,0.5,0.8,0.7,0.5,1.0,0.8,0.7,1.0
266466,18,0,18,1.0,0.8,0.8,1.0,0.6,0.8,0.7,0.6,0.8,0.7,0.7,0.6
266457,5,0,5,1.0,0.8,0.8,0.9,0.5,0.8,0.7,0.4,0.8,0.4,0.7,0.7
266419,5,0,5,1.0,0.5,0.8,1.0,0.5,0.7,0.8,0.5,0.8,1.0,0.7,1.0
126072,5,0,5,1.0,0.6,0.8,1.0,0.5,0.6,0.7,0.5,0.8,1.0,0.7,1.0
16046,6,0,6,1.0,0.8,0.8,0.8,0.5,0.8,0.7,0.5,0.9,0.8,0.7,0.8
267180,7,0,7,1.0,0.6,0.8,1.0,0.7,0.6,0.7,0.4,1.0,1.0,0.7,1.0
31144,6,0,6,1.0,0.3,0.8,1.0,0.5,0.5,0.7,0.6,0.9,0.8,0.7,1.0
221327,7,0,7,1.0,0.5,0.8,1.0,0.5,0.3,0.7,0.4,0.9,0.9,0.7,0.9
31250,6,0,6,1.0,0.8,0.8,0.9,0.5,1.0,0.7,0.4,1.0,0.7,0.7,0.6
72418,8,0,8,1.0,0.6,0.8,1.0,0.8,0.5,0.7,0.4,1.0,0.9,0.7,1.0
72296,9,0,9,1.0,0.6,0.8,1.0,0.4,0.7,0.7,0.7,1.0,1.0,0.7,1.0
51805,6,0,6,1.0,0.6,0.8,1.0,0.5,0.5,0.7,0.6,1.0,0.9,0.7,1.0
230687,6,0,6,1.0,0.4,0.8,1.0,0.6,0.4,0.7,0.4,1.0,0.9,0.7,1.0
230629,7,0,7,1.0,0.6,0.8,1.0,0.7,0.8,0.8,0.5,0.8,0.9,0.7,1.0
208378,6,0,6,1.0,0.7,0.8,1.0,0.5,0.9,0.7,0.6,1.0,0.9,0.7,1.0
208236,5,0,5,1.0,0.6,0.8,1.0,0.6,0.6,0.7,0.4,0.9,0.8,0.7,1.0
230626,5,0,5,1.0,0.8,0.8,1.0,0.5,0.6,0.8,0.5,1.0,0.8,0.7,1.0
72287,7,0,7,1.0,0.7,0.8,1.0,0.5,0.4,0.8,0.5,1.0,0.9,0.7,1.0
72238,11,0,11,1.0,0.9,0.8,1.0,0.5,0.7,0.7,0.7,1.0,1.0,0.7,1.0
230180,5,0,5,1.0,0.7,0.8,0.9,0.6,0.5,0.7,0.6,1.0,0.8,0.7,0.3
208468,5,0,5,1.0,0.9,0.8,0.9,0.6,0.6,0.8,0.7,1.0,0.8,0.7,0.7
230105,6,0,6,1.0,0.5,0.8,0.8,0.5,0.4,0.7,0.5,1.0,0.8,0.7,1.0
72100,12,0,12,1.0,0.8,0.8,1.0,0.4,0.8,0.7,0.3,0.9,0.8,0.7,0.9
52002,9,0,9,1.0,0.8,0.8,0.9,0.6,0.5,0.8,0.5,1.0,0.7,0.7,0.9
52141,6,0,6,1.0,0.7,0.8,1.0,0.7,0.3,0.7,0.5,1.0,0.6,0.7,0.8
51663,5,0,5,1.0,0.5,0.8,1.0,0.5,0.9,0.7,0.6,1.0,0.8,0.7,1.0
208095,9,0,9,1.0,0.8,0.8,1.0,0.5,0.9,0.8,0.8,1.0,1.0,0.7,0.9
73548,5,0,5,1.0,0.6,0.8,1.0,0.5,0.7,0.8,0.6,0.9,0.9,0.7,0.8
207349,26,0,26,1.0,0.6,0.8,1.0,0.6,0.7,0.8,0.5,1.0,0.3,0.7,1.0
207350,5,0,5,1.0,0.9,0.8,0.8,0.5,0.9,0.7,0.3,0.8,0.7,0.7,0.8
207450,6,0,6,1.0,0.7,0.8,0.8,0.7,0.8,0.8,0.6,0.9,0.8,0.7,1.0
207499,29,0,29,1.0,0.7,0.8,1.0,0.7,0.9,0.7,0.5,1.0,0.9,0.7,1.0
51207,12,0,12,1.0,0.6,0.8,1.0,0.6,0.5,0.7,0.4,0.9,1.0,0.7,0.9
72470,5,0,5,1.0,0.6,0.8,0.8,0.6,0.7,0.8,0.3,1.0,0.9,0.7,1.0
207686,5,0,5,1.0,0.7,0.8,1.0,0.5,0.5,0.8,0.4,1.0,0.9,0.7,0.7
51403,5,0,5,1.0,0.5,0.8,1.0,0.5,0.3,0.7,0.5,1.0,0.9,0.7,0.8
207860,5,0,5,1.0,0.7,0.8,1.0,0.7,0.7,0.8,0.4,1.0,1.0,0.7,1.0
231252,5,0,5,1.0,0.7,0.8,0.9,0.6,0.1,0.7,0.6,1.0,0.9,0.7,0.9
231251,6,0,6,1.0,0.7,0.8,1.0,0.5,0.3,0.8,0.6,0.7,0.9,0.7,1.0
231225,5,0,5,1.0,0.5,0.8,1.0,0.5,0.5,0.7,0.6,0.7,0.9,0.7,0.8
208077,10,0,10,1.0,0.5,0.8,1.0,0.5,0.5,0.7,0.6,1.0,1.0,0.7,1.0
72742,5,0,5,1.0,1.0,0.8,0.6,0.4,0.3,0.8,0.6,0.7,0.9,0.7,1.0
52159,12,0,12,1.0,0.8,0.8,1.0,0.7,0.6,0.7,0.6,1.0,0.7,0.7,1.0
52472,6,0,6,1.0,0.5,0.8,1.0,0.5,0.4,0.7,0.3,1.0,0.9,0.7,1.0
208591,5,0,5,1.0,0.7,0.8,0.8,0.5,0.7,0.7,0.6,0.7,0.6,0.7,1.0
53304,20,0,20,1.0,0.6,0.8,1.0,0.6,0.7,0.8,0.5,1.0,0.9,0.7,1.0
71628,10,0,10,1.0,0.8,0.8,1.0,0.6,0.4,0.7,0.5,0.9,0.9,0.7,1.0
71522,5,0,5,1.0,0.8,0.8,1.0,0.5,0.9,0.7,0.5,1.0,0.8,0.7,0.3
53414,10,0,10,1.0,0.5,0.8,1.0,0.4,0.6,0.8,0.5,0.8,0.8,0.7,0.9
71234,18,0,18,1.0,0.8,0.8,1.0,0.8,0.2,0.8,0.5,0.9,0.7,0.7,1.0
71223,6,0,6,1.0,0.5,0.8,0.9,0.5,0.6,0.8,0.6,1.0,0.7,0.7,1.0
209059,5,0,5,1.0,0.9,0.8,1.0,0.5,0.2,0.7,0.4,1.0,1.0,0.7,0.8
70918,5,0,5,1.0,0.7,0.8,0.9,0.7,0.9,0.7,0.9,0.5,0.5,0.7,0.8
53664,11,0,11,1.0,0.8,0.8,1.0,0.7,0.7,0.7,0.6,1.0,1.0,0.7,1.0
209684,7,0,7,1.0,0.4,0.8,1.0,0.7,0.7,0.7,0.6,0.9,1.0,0.7,0.9
70448,5,0,5,1.0,0.7,0.8,1.0,0.5,0.7,0.7,0.3,1.0,0.6,0.7,0.8
209833,5,0,5,1.0,0.5,0.8,1.0,0.5,0.8,0.7,0.7,0.9,0.4,0.7,1.0
228154,14,0,14,1.0,0.8,0.8,1.0,0.5,0.6,0.7,0.4,1.0,1.0,0.7,1.0
70192,5,0,5,1.0,0.6,0.8,0.8,0.5,0.9,0.7,0.6,0.8,0.4,0.7,0.4
53663,8,0,8,1.0,0.8,0.8,1.0,0.5,0.3,0.7,0.7,1.0,0.7,0.7,1.0
53265,8,0,8,1.0,0.8,0.8,1.0,0.4,0.7,0.7,0.7,1.0,0.7,0.7,0.0
208936,6,0,6,1.0,0.6,0.8,0.8,0.8,0.5,0.7,0.6,0.8,0.6,0.7,0.7
208907,8,0,8,1.0,0.8,0.8,0.8,0.6,0.8,0.7,0.5,0.7,0.8,0.7,0.3
229742,6,0,6,1.0,0.7,0.8,1.0,0.5,0.7,0.7,0.6,0.8,0.9,0.7,0.9
229703,12,0,12,1.0,0.8,0.8,1.0,0.6,0.8,0.7,0.6,0.9,1.0,0.7,1.0
72099,8,0,8,1.0,0.7,0.8,0.9,0.7,0.5,0.7,0.7,0.7,1.0,0.7,0.9
208620,7,0,7,1.0,0.4,0.8,1.0,0.5,0.5,0.8,0.6,0.9,0.6,0.7,0.9
71900,11,0,11,1.0,0.9,0.8,1.0,0.6,0.7,0.7,0.5,1.0,0.9,0.7,1.0
52532,5,0,5,1.0,1.0,0.8,0.9,0.6,0.5,0.7,0.3,0.8,0.8,0.7,0.9
208683,12,0,12,1.0,0.7,0.8,1.0,0.4,0.8,0.7,0.2,1.0,0.9,0.7,1.0
229454,5,0,5,1.0,0.8,0.8,0.9,0.6,0.5,0.7,0.6,0.8,1.0,0.7,0.9
229448,5,0,5,1.0,0.9,0.8,0.7,0.8,0.8,0.7,0.6,0.8,0.8,0.7,1.0
52670,5,0,5,1.0,0.9,0.8,1.0,0.5,0.4,0.8,0.5,0.7,1.0,0.7,1.0
52887,5,0,5,1.0,0.8,0.8,1.0,0.7,0.6,0.7,0.4,0.8,0.6,0.7,1.0
229243,6,0,6,1.0,0.9,0.8,1.0,0.5,0.7,0.7,0.6,0.7,0.6,0.7,0.4
229177,5,0,5,1.0,0.5,0.8,1.0,0.5,1.0,0.7,0.6,0.8,0.9,0.7,0.9
229055,5,0,5,1.0,0.7,0.8,0.9,0.6,0.9,0.7,0.7,0.9,0.4,0.7,1.0
53140,5,0,5,1.0,0.8,0.8,0.9,0.6,0.7,0.8,0.3,0.9,0.8,0.7,0.9
50895,50,0,50,1.0,0.9,0.8,1.0,0.7,0.6,0.7,0.1,1.0,0.5,0.7,1.0
207134,6,0,6,1.0,0.7,0.8,1.0,0.6,0.8,0.8,0.4,0.7,0.8,0.7,0.9
206691,14,0,14,1.0,0.6,0.8,1.0,0.5,0.4,0.7,0.5,1.0,0.9,0.7,0.8
50823,16,0,16,1.0,0.8,0.8,1.0,0.4,0.5,0.7,0.5,0.9,0.6,0.7,0.8
234893,7,0,7,1.0,0.5,0.8,1.0,0.5,0.3,0.7,0.6,1.0,0.8,0.7,0.8
203213,5,0,5,1.0,0.7,0.8,0.9,0.5,0.7,0.7,0.7,1.0,1.0,0.7,0.9
47975,5,0,5,1.0,1.0,0.8,1.0,0.6,0.7,0.8,0.3,0.9,1.0,0.7,1.0
78545,5,0,5,1.0,0.7,0.8,1.0,0.5,0.7,0.8,0.6,1.0,1.0,0.7,0.9
48217,16,0,16,1.0,0.6,0.8,0.8,0.7,0.4,0.7,0.4,1.0,0.4,0.7,0.5
78471,5,0,5,1.0,1.0,0.8,1.0,0.5,0.1,0.7,0.5,1.0,0.5,0.7,1.0
234901,5,0,5,1.0,0.7,0.8,0.9,0.6,0.6,0.7,0.5,1.0,0.3,0.7,1.0
203422,7,0,7,1.0,0.7,0.8,1.0,0.6,0.9,0.7,0.4,1.0,0.8,0.7,1.0
48911,7,0,7,1.0,0.6,0.8,1.0,0.5,0.5,0.7,0.3,0.9,0.9,0.7,1.0
48929,6,0,6,1.0,0.8,0.8,0.8,0.5,0.6,0.7,0.6,0.9,0.8,0.7,1.0
203441,8,0,8,1.0,0.8,0.8,1.0,0.6,0.4,0.7,0.6,1.0,0.6,0.7,1.0
203506,10,0,10,1.0,0.5,0.8,0.9,0.5,0.8,0.7,0.6,0.8,0.4,0.7,0.9
234165,20,0,20,1.0,0.8,0.8,1.0,0.7,0.6,0.8,0.3,1.0,1.0,0.7,1.0
234023,12,0,12,1.0,0.6,0.8,1.0,0.7,0.8,0.7,0.8,1.0,1.0,0.7,0.9
234614,5,0,5,1.0,0.7,0.8,0.9,0.5,0.5,0.8,0.4,1.0,0.7,0.7,1.0
47925,6,0,6,1.0,0.7,0.8,0.8,0.5,0.5,0.7,0.3,0.9,0.6,0.7,0.7
203161,9,0,9,1.0,0.6,0.8,1.0,0.5,0.4,0.8,0.9,0.9,0.9,0.7,0.8
47793,11,0,11,1.0,0.7,0.8,1.0,0.6,0.7,0.8,0.6,0.9,0.7,0.7,0.7
46671,9,0,9,1.0,0.7,0.8,1.0,0.6,0.2,0.8,0.5,1.0,1.0,0.7,0.9
202195,11,0,11,1.0,0.9,0.8,1.0,0.5,0.4,0.7,0.5,1.0,0.7,0.7,1.0
202212,6,0,6,1.0,0.5,0.8,1.0,0.5,0.9,0.8,0.8,1.0,0.7,0.7,0.0
202346,6,0,6,1.0,0.7,0.8,1.0,0.6,0.4,0.7,0.5,0.8,0.8,0.7,1.0
235888,5,0,5,1.0,0.6,0.8,1.0,0.8,0.7,0.7,0.8,0.8,0.9,0.7,0.8
79754,5,0,5,1.0,0.6,0.8,1.0,0.6,0.9,0.8,0.8,0.8,0.7,0.7,0.8
47127,6,0,6,1.0,0.8,0.8,0.9,0.7,0.6,0.7,0.6,1.0,0.8,0.7,1.0
235684,8,0,8,1.0,0.3,0.8,1.0,0.6,0.6,0.7,0.6,0.9,0.8,0.7,0.8
47128,13,0,13,1.0,0.7,0.8,1.0,0.6,0.3,0.7,0.5,0.9,0.8,0.7,0.8
79366,5,0,5,1.0,0.8,0.8,1.0,0.6,0.3,0.7,0.9,0.9,0.9,0.7,1.0
202711,14,0,14,1.0,0.6,0.8,1.0,0.7,0.4,0.7,0.5,1.0,0.5,0.7,1.0
202885,7,0,7,1.0,0.5,0.8,0.9,0.8,0.8,0.7,0.5,0.9,0.7,0.7,1.0
202942,8,0,8,1.0,0.7,0.8,0.9,0.6,0.4,0.7,0.8,0.7,0.5,0.7,1.0
79055,5,0,5,1.0,0.4,0.8,1.0,0.7,0.5,0.8,0.6,1.0,0.3,0.7,0.9
47594,5,0,5,1.0,0.6,0.8,0.9,0.5,0.9,0.7,0.5,0.9,0.9,0.7,0.9
203805,9,0,9,1.0,0.8,0.8,1.0,0.6,0.4,0.7,0.6,1.0,0.8,0.7,1.0
227925,6,0,6,1.0,0.7,0.8,1.0,0.6,0.5,0.8,0.6,0.9,0.8,0.7,0.9
77940,11,0,11,1.0,0.7,0.8,0.9,0.8,0.8,0.7,0.7,1.0,0.6,0.7,0.9
203918,5,0,5,1.0,0.5,0.8,1.0,0.7,0.5,0.7,0.8,0.9,0.8,0.7,1.0
232708,7,0,7,1.0,0.5,0.8,1.0,0.6,0.7,0.8,0.7,1.0,0.6,0.7,0.7
50205,9,0,9,1.0,0.8,0.8,0.9,0.6,0.3,0.7,0.6,1.0,0.7,0.7,0.8
232492,6,0,6,1.0,0.9,0.8,1.0,0.6,0.6,0.7,0.5,1.0,0.8,0.7,1.0
205608,5,0,5,1.0,0.8,0.8,1.0,0.5,0.9,0.7,0.7,1.0,0.6,0.7,1.0
232292,7,0,7,1.0,0.6,0.8,1.0,0.5,0.7,0.8,0.4,1.0,1.0,0.7,0.9
205967,9,0,9,1.0,0.8,0.8,1.0,0.6,0.4,0.7,0.5,0.9,0.9,0.7,1.0
232756,9,0,9,1.0,0.6,0.8,0.9,0.6,0.5,0.7,0.7,0.9,1.0,0.7,0.9
50650,5,0,5,1.0,0.7,0.8,0.8,0.7,0.6,0.8,0.8,0.8,0.9,0.7,0.6
206107,7,0,7,1.0,0.8,0.8,0.9,0.6,0.7,0.8,0.8,0.7,1.0,0.7,0.9
75330,6,0,6,1.0,0.6,0.8,0.7,0.7,0.9,0.7,0.4,0.8,0.4,0.7,0.3
75013,5,0,5,1.0,0.7,0.8,0.9,0.5,0.4,0.8,0.4,0.9,0.5,0.7,0.9
232067,10,0,10,1.0,0.9,0.8,1.0,0.6,0.7,0.7,0.5,1.0,0.8,0.7,1.0
206423,19,0,19,1.0,0.8,0.8,1.0,0.8,1.0,0.8,0.4,1.0,0.9,0.7,1.0
232030,5,0,5,1.0,0.6,0.8,1.0,0.5,0.7,0.7,0.4,1.0,0.6,0.7,0.5
75787,5,0,5,1.0,0.7,0.8,1.0,0.5,0.4,0.7,0.2,1.0,0.7,0.7,0.9
232838,9,0,9,1.0,0.7,0.8,1.0,0.6,0.5,0.7,0.7,1.0,1.0,0.7,1.0
50130,5,0,5,1.0,0.8,0.8,1.0,0.4,0.4,0.7,0.3,0.9,1.0,0.7,1.0
205520,5,0,5,1.0,0.6,0.8,0.9,0.5,0.1,0.7,0.3,0.6,0.9,0.7,1.0
233719,5,0,5,1.0,0.6,0.8,0.7,0.8,0.7,0.7,0.3,0.8,0.6,0.7,0.9
49324,6,0,6,1.0,0.8,0.8,0.9,0.6,0.4,0.8,0.5,1.0,0.8,0.7,1.0
233578,13,0,13,1.0,0.8,0.8,1.0,0.8,0.4,0.7,0.4,0.7,1.0,0.7,0.8
204040,5,0,5,1.0,0.7,0.8,0.9,0.5,0.5,0.7,0.4,0.8,0.8,0.7,1.0
204179,5,0,5,1.0,0.6,0.8,1.0,0.7,0.7,0.7,0.9,1.0,1.0,0.7,0.6
77860,6,0,6,1.0,0.9,0.8,1.0,0.8,0.9,0.7,0.6,1.0,0.9,0.7,1.0
77816,5,0,5,1.0,0.9,0.8,0.9,0.8,0.3,0.8,0.6,1.0,0.8,0.7,1.0
204452,5,0,5,1.0,0.6,0.8,0.9,0.6,0.8,0.7,0.5,1.0,0.8,0.7,0.9
233431,8,0,8,1.0,0.6,0.8,0.9,0.5,0.7,0.7,0.5,0.8,0.7,0.7,0.7
204844,6,0,6,1.0,0.8,0.8,0.9,0.7,0.9,0.7,0.6,0.7,1.0,0.7,1.0
205085,7,0,7,1.0,0.8,0.8,1.0,0.4,0.6,0.8,0.3,0.8,0.9,0.7,1.0
233312,5,0,5,1.0,0.8,0.8,0.9,0.7,0.9,0.7,0.7,0.9,0.3,0.7,0.8
233143,5,0,5,1.0,0.8,0.8,0.7,0.5,0.8,0.8,0.4,0.8,0.8,0.7,0.6
205426,5,0,5,1.0,0.5,0.8,1.0,0.5,0.4,0.7,0.4,0.8,0.9,0.7,0.6
76173,18,0,18,1.0,0.6,0.8,1.0,0.5,0.7,0.7,0.6,1.0,1.0,0.7,1.0
77868,5,0,5,1.0,0.8,0.8,0.8,0.6,0.5,0.7,0.5,1.0,0.5,0.7,0.5
236025,5,0,5,1.0,0.5,0.8,1.0,0.5,0.1,0.8,0.6,0.9,0.5,0.7,0.9
69512,6,0,6,1.0,0.7,0.8,1.0,0.5,0.4,0.7,0.3,1.0,0.9,0.7,1.0
54492,7,0,7,1.0,0.6,0.8,1.0,0.5,1.0,0.8,0.5,1.0,0.9,0.7,1.0
223455,6,0,6,1.0,0.7,0.8,1.0,0.5,0.2,0.7,0.5,1.0,0.4,0.7,0.7
217512,5,0,5,1.0,0.9,0.8,1.0,0.6,0.7,0.8,0.3,1.0,1.0,0.7,1.0
64435,8,0,8,1.0,0.6,0.8,1.0,0.7,0.4,0.8,0.6,0.9,0.9,0.7,0.7
217516,14,0,14,1.0,0.7,0.8,1.0,0.4,0.8,0.7,0.7,1.0,0.9,0.7,0.8
223402,5,0,5,1.0,0.7,0.8,0.9,0.4,0.6,0.7,0.7,1.0,0.7,0.7,0.9
64310,21,0,21,1.0,0.9,0.8,1.0,0.5,0.5,0.7,0.4,1.0,0.9,0.7,1.0
223461,5,0,5,1.0,0.6,0.8,0.9,0.4,1.0,0.7,0.8,0.7,0.8,0.7,0.9
217958,7,0,7,1.0,1.0,0.8,1.0,0.6,0.2,0.7,0.4,0.9,0.9,0.7,1.0
59390,12,0,12,1.0,0.6,0.8,1.0,0.7,0.5,0.7,0.5,0.9,0.9,0.7,1.0
64220,5,0,5,1.0,0.6,0.8,1.0,0.7,0.5,0.7,0.5,0.7,0.9,0.7,0.9
218221,11,0,11,1.0,0.5,0.8,1.0,0.5,0.7,0.8,0.3,1.0,0.8,0.7,1.0
218240,7,0,7,1.0,0.6,0.8,0.9,0.4,0.6,0.7,0.3,1.0,0.5,0.7,1.0
63865,8,0,8,1.0,0.9,0.8,1.0,0.5,0.4,0.7,0.6,0.9,1.0,0.7,1.0
63506,5,0,5,1.0,0.7,0.8,0.9,0.5,0.7,0.7,0.9,0.7,0.6,0.7,0.9
64271,5,0,5,1.0,0.9,0.8,1.0,0.5,0.7,0.7,0.5,1.0,1.0,0.7,1.0
62968,5,0,5,1.0,0.8,0.8,0.8,0.5,0.2,0.7,0.4,1.0,0.5,0.7,0.8
217496,5,0,5,1.0,0.3,0.8,1.0,0.6,0.7,0.7,0.6,1.0,0.5,0.7,0.7
223587,9,0,9,1.0,0.7,0.8,1.0,0.7,0.9,0.8,0.6,1.0,1.0,0.7,1.0
58351,6,0,6,1.0,0.7,0.8,1.0,0.7,0.4,0.7,0.8,0.9,0.6,0.7,0.8
65791,11,0,11,1.0,0.7,0.8,1.0,0.8,0.7,0.7,0.5,0.6,0.7,0.7,0.9
58497,5,0,5,1.0,0.5,0.8,0.9,0.9,0.3,0.7,0.7,0.9,1.0,0.7,1.0
223927,5,0,5,1.0,0.9,0.8,1.0,0.6,0.7,0.7,0.5,0.8,0.4,0.7,1.0
65497,6,0,6,1.0,0.7,0.8,1.0,0.6,0.6,0.7,0.7,1.0,0.9,0.7,0.9
58768,8,0,8,1.0,0.8,0.8,1.0,0.6,0.5,0.8,0.5,0.9,0.9,0.7,0.7
217444,5,0,5,1.0,0.8,0.8,1.0,0.7,1.0,0.8,0.7,1.0,0.7,0.7,1.0
65484,9,0,9,1.0,0.7,0.8,1.0,0.6,0.3,0.7,0.6,1.0,0.6,0.7,1.0
216495,7,0,7,1.0,1.0,0.8,1.0,0.5,0.5,0.7,0.6,0.9,1.0,0.7,1.0
65370,5,0,5,1.0,0.6,0.8,1.0,0.5,0.6,0.8,0.7,0.9,0.8,0.7,1.0
223768,5,0,5,1.0,0.8,0.8,1.0,0.6,0.5,0.7,0.2,1.0,1.0,0.7,1.0
216724,7,0,7,1.0,1.0,0.8,0.8,0.6,0.5,0.8,0.7,0.9,0.8,0.7,1.0
223714,5,0,5,1.0,0.6,0.8,1.0,0.6,0.6,0.8,0.7,1.0,0.8,0.7,1.0
59038,12,0,12,1.0,0.9,0.8,1.0,0.3,0.3,0.8,0.4,1.0,1.0,0.7,0.9
223816,10,0,10,1.0,0.8,0.8,1.0,0.5,0.8,0.7,0.3,1.0,0.7,0.7,1.0
59820,7,0,7,1.0,0.8,0.8,1.0,0.5,0.7,0.8,0.7,1.0,0.2,0.7,0.7
218689,5,0,5,1.0,0.8,0.8,0.9,0.5,0.2,0.7,0.4,1.0,0.6,0.7,0.8
60040,6,0,6,1.0,0.7,0.8,0.9,0.7,0.2,0.7,0.6,0.7,0.3,0.7,1.0
222034,5,0,5,1.0,0.4,0.8,0.9,0.5,0.4,0.7,0.7,0.7,0.7,0.7,0.9
219671,6,0,6,1.0,0.8,0.8,1.0,0.5,0.8,0.8,0.6,0.9,0.7,0.7,1.0
221870,15,0,15,1.0,0.8,0.8,1.0,0.5,0.4,0.7,0.7,1.0,0.9,0.7,1.0
61845,7,0,7,1.0,0.8,0.8,1.0,0.5,0.5,0.7,0.4,1.0,0.6,0.7,0.8
60412,5,0,5,1.0,0.7,0.8,0.8,0.5,0.7,0.7,0.5,0.8,0.8,0.7,0.8
219974,7,0,7,1.0,0.8,0.8,1.0,0.4,0.5,0.7,0.6,0.8,0.5,0.7,1.0
62239,6,0,6,1.0,0.7,0.8,0.8,0.8,0.5,0.7,0.7,0.8,0.9,0.7,0.6
220091,7,0,7,1.0,0.7,0.8,0.9,0.4,0.8,0.7,0.5,0.9,0.9,0.7,0.9
220399,5,0,5,1.0,0.7,0.8,1.0,0.7,0.5,0.7,0.6,1.0,1.0,0.7,1.0
61354,5,0,5,1.0,0.6,0.8,1.0,0.5,0.3,0.7,0.7,1.0,0.9,0.7,0.8
220635,5,0,5,1.0,0.5,0.8,0.9,0.5,0.8,0.8,0.7,1.0,0.3,0.7,1.0
61283,5,0,5,1.0,0.7,0.8,0.9,0.6,0.7,0.8,0.2,0.8,0.8,0.7,0.9
60977,6,0,6,1.0,0.9,0.8,0.9,0.7,0.5,0.8,0.5,0.9,0.7,0.7,0.7
60546,12,0,12,1.0,0.6,0.8,1.0,0.7,0.3,0.7,0.4,1.0,0.8,0.7,0.9
221681,5,0,5,1.0,0.7,0.8,1.0,0.4,0.3,0.8,0.4,1.0,0.8,0.7,1.0
219278,8,0,8,1.0,0.7,0.8,1.0,0.4,0.4,0.7,0.5,1.0,1.0,0.7,0.9
60278,5,0,5,1.0,0.6,0.8,0.8,0.6,0.6,0.7,0.4,0.5,0.6,0.7,1.0
60253,5,0,5,1.0,0.8,0.8,0.8,0.6,0.7,0.7,0.6,0.9,0.5,0.7,1.0
222743,8,0,8,1.0,0.8,0.8,1.0,0.5,0.9,0.7,0.5,1.0,0.9,0.7,1.0
62881,12,0,12,1.0,0.6,0.8,1.0,0.8,0.7,0.7,0.5,1.0,0.9,0.7,0.9
218760,9,0,9,1.0,0.6,0.8,1.0,0.9,0.6,0.7,0.4,0.8,1.0,0.7,0.9
218836,5,0,5,1.0,0.9,0.8,0.9,0.7,0.3,0.7,0.4,1.0,1.0,0.7,0.9
60130,5,0,5,1.0,0.6,0.8,1.0,0.5,0.1,0.7,0.7,1.0,1.0,0.7,0.9
222563,9,0,9,1.0,0.7,0.8,1.0,0.5,0.9,0.7,0.6,1.0,0.9,0.7,1.0
62716,5,0,5,1.0,0.6,0.8,0.9,0.5,0.7,0.7,0.5,0.9,0.3,0.7,0.9
218976,10,0,10,1.0,0.7,0.8,0.8,0.4,0.3,0.7,0.5,0.7,0.9,0.7,0.3
62582,8,0,8,1.0,0.8,0.8,1.0,0.4,0.7,0.7,0.4,1.0,0.8,0.7,1.0
60140,5,0,5,1.0,0.7,0.8,1.0,0.5,0.9,0.7,0.6,0.9,1.0,0.7,1.0
222372,5,0,5,1.0,0.7,0.8,1.0,0.5,0.7,0.7,0.6,0.8,0.6,0.7,0.8
222353,9,0,9,1.0,0.5,0.8,0.8,0.8,0.6,0.7,0.5,0.9,0.4,0.7,1.0
60168,10,0,10,1.0,0.5,0.8,1.0,0.6,0.4,0.7,0.8,1.0,0.8,0.7,1.0
219149,5,0,5,1.0,0.7,0.8,1.0,0.6,0.6,0.8,0.5,0.9,0.7,0.7,1.0
62471,5,0,5,1.0,0.5,0.8,1.0,0.5,0.6,0.8,0.2,1.0,0.7,0.7,0.8
66473,5,0,5,1.0,0.5,0.8,0.9,0.7,0.4,0.8,0.7,0.9,1.0,0.7,1.0
58224,8,0,8,1.0,0.8,0.8,0.9,0.5,0.4,0.7,0.7,1.0,0.9,0.7,1.0
66533,6,0,6,1.0,0.8,0.8,0.9,0.5,0.7,0.7,0.4,0.9,0.8,0.7,0.9
215753,5,0,5,1.0,0.7,0.8,0.9,0.6,0.5,0.7,0.7,0.7,0.5,0.7,0.8
226987,8,0,8,1.0,0.8,0.8,0.8,0.7,0.8,0.8,0.7,0.9,0.3,0.7,1.0
226976,5,0,5,1.0,0.6,0.8,1.0,0.5,0.7,0.8,0.6,1.0,1.0,0.7,1.0
55097,5,0,5,1.0,0.7,0.8,1.0,0.6,0.4,0.8,0.6,0.8,0.6,0.7,0.9
55270,6,0,6,1.0,0.6,0.8,1.0,0.6,0.7,0.7,0.7,1.0,0.4,0.7,1.0
67930,12,0,12,1.0,0.9,0.8,1.0,0.5,0.5,0.7,0.6,0.9,0.8,0.7,1.0
67910,8,0,8,1.0,0.6,0.8,1.0,0.4,0.7,0.7,0.8,1.0,0.9,0.7,0.9
212427,6,0,6,1.0,0.7,0.8,0.9,0.6,0.4,0.8,0.6,1.0,0.5,0.7,0.9
212719,5,0,5,1.0,0.4,0.8,1.0,0.8,0.9,0.7,0.7,0.9,0.9,0.7,0.9
67693,6,0,6,1.0,0.6,0.8,0.9,0.6,0.7,0.7,0.4,1.0,1.0,0.7,0.9
213064,7,0,7,1.0,0.5,0.8,1.0,0.7,0.5,0.7,0.6,1.0,0.9,0.7,0.9
55562,5,0,5,1.0,0.4,0.8,0.8,0.3,0.7,0.8,0.6,0.8,1.0,0.7,0.9
55655,5,0,5,1.0,0.9,0.8,0.9,0.5,0.5,0.7,0.6,0.7,1.0,0.7,0.8
226349,7,0,7,1.0,0.6,0.8,1.0,0.6,0.8,0.8,0.6,1.0,0.6,0.7,0.8
67487,6,0,6,1.0,0.4,0.8,1.0,0.7,0.7,0.7,0.5,1.0,1.0,0.7,0.6
226702,8,0,8,1.0,0.6,0.8,1.0,0.7,0.7,0.7,0.7,0.8,0.9,0.7,1.0
227054,8,0,8,1.0,0.6,0.8,1.0,0.4,0.4,0.7,0.5,1.0,0.9,0.7,1.0
227072,8,0,8,1.0,0.9,0.8,0.9,0.5,0.7,0.7,0.6,0.9,0.7,0.7,0.9
212385,15,0,15,1.0,0.5,0.8,1.0,0.6,0.5,0.7,0.6,1.0,0.7,0.7,1.0
68886,10,0,10,1.0,0.9,0.8,1.0,0.3,0.6,0.8,0.4,0.9,1.0,0.7,0.8
54512,5,0,5,1.0,0.7,0.8,0.8,0.6,0.3,0.7,0.6,0.9,1.0,0.7,1.0
54547,5,0,5,1.0,0.7,0.8,0.9,0.6,0.6,0.7,0.4,0.8,0.9,0.7,1.0
211303,7,0,7,1.0,0.6,0.8,1.0,0.7,0.4,0.7,0.5,0.8,0.4,0.7,0.7
68700,6,0,6,1.0,0.8,0.8,0.8,0.5,0.7,0.8,0.5,0.9,0.3,0.7,0.9
211360,7,0,7,1.0,0.3,0.8,1.0,0.7,0.4,0.7,0.5,0.8,0.7,0.7,1.0
68615,6,0,6,1.0,0.6,0.8,1.0,0.6,0.3,0.7,0.4,1.0,0.7,0.7,1.0
211944,5,0,5,1.0,0.9,0.8,1.0,0.5,0.4,0.7,0.5,0.7,0.9,0.7,1.0
211961,9,0,9,1.0,0.8,0.8,0.9,0.5,0.7,0.7,0.4,0.9,0.7,0.7,0.5
68447,6,0,6,1.0,0.8,0.8,0.7,0.4,0.6,0.7,0.5,0.9,0.7,0.7,0.5
54624,5,0,5,1.0,0.9,0.8,0.7,0.6,0.4,0.8,0.5,0.9,0.7,0.7,0.9
227292,6,0,6,1.0,0.8,0.8,1.0,0.5,0.5,0.7,0.6,1.0,0.7,0.7,1.0
212109,6,0,6,1.0,0.6,0.8,0.9,0.5,0.7,0.7,0.4,0.8,0.7,0.7,0.9
54652,8,0,8,1.0,0.8,0.8,1.0,0.6,0.2,0.8,0.7,1.0,0.8,0.7,0.9
68344,5,0,5,1.0,0.6,0.8,0.7,0.7,0.9,0.7,0.3,0.4,1.0,0.7,0.9
67415,6,0,6,1.0,0.7,0.8,1.0,0.5,0.3,0.7,0.6,1.0,1.0,0.7,1.0
210573,10,0,10,1.0,0.5,0.8,0.9,0.6,0.7,0.7,0.4,0.9,0.9,0.7,0.9
225989,10,0,10,1.0,0.7,0.8,1.0,0.5,0.6,0.7,0.4,0.5,0.7,0.7,0.7
213369,5,0,5,1.0,0.7,0.8,1.0,0.5,0.3,0.8,0.6,0.8,1.0,0.7,0.9
214348,5,0,5,1.0,0.6,0.8,1.0,0.5,0.6,0.7,0.6,1.0,0.7,0.7,1.0
57620,5,0,5,1.0,0.5,0.8,0.8,0.7,0.6,0.8,0.6,0.8,0.7,0.7,0.8
215148,6,0,6,1.0,0.0,0.8,0.9,0.8,0.6,0.8,0.6,0.8,0.7,0.7,0.8
57632,5,0,5,1.0,0.0,0.8,1.0,0.4,0.8,0.7,0.6,0.9,0.6,0.7,0.9
224626,6,0,6,1.0,0.8,0.8,1.0,0.5,0.9,0.7,0.5,0.8,0.9,0.7,0.9
57713,10,0,10,1.0,0.5,0.8,1.0,0.5,0.8,0.7,0.3,1.0,0.5,0.7,0.8
214315,18,0,18,1.0,0.9,0.8,1.0,0.7,0.4,0.7,0.5,1.0,0.5,0.7,0.5
224479,6,0,6,1.0,0.7,0.8,1.0,0.7,0.6,0.7,0.7,0.9,0.9,0.7,1.0
215256,7,0,7,1.0,0.7,0.8,0.9,0.6,0.7,0.8,0.7,0.9,0.8,0.7,1.0
224342,7,0,7,1.0,0.4,0.8,1.0,0.6,1.0,0.7,0.7,0.8,0.4,0.7,1.0
66556,6,0,6,1.0,0.8,0.8,0.9,0.5,0.4,0.7,0.5,0.7,0.8,0.7,0.8
215693,6,0,6,1.0,0.6,0.8,1.0,0.6,0.4,0.7,0.4,1.0,1.0,0.7,1.0
215709,6,0,6,1.0,0.6,0.8,0.8,0.6,0.9,0.7,0.6,1.0,0.4,0.7,1.0
224289,7,0,7,1.0,0.6,0.8,1.0,0.5,0.7,0.7,0.5,1.0,1.0,0.7,1.0
215180,7,0,7,1.0,0.6,0.8,0.9,0.6,0.6,0.8,0.6,1.0,0.9,0.7,1.0
214212,10,0,10,1.0,0.6,0.8,1.0,0.6,0.6,0.7,0.7,1.0,0.8,0.7,1.0
57302,6,0,6,1.0,0.6,0.8,1.0,0.6,0.9,0.7,0.4,0.4,1.0,0.7,0.4
57269,5,0,5,1.0,0.8,0.8,1.0,0.6,0.8,0.7,0.9,0.9,0.9,0.7,1.0
67296,8,0,8,1.0,0.8,0.8,1.0,0.6,0.5,0.7,0.3,1.0,1.0,0.7,0.9
55961,5,0,5,1.0,0.1,0.8,1.0,0.6,0.6,0.8,0.5,1.0,0.9,0.7,0.9
67288,10,0,10,1.0,0.7,0.8,1.0,0.8,0.4,0.7,0.5,0.8,0.9,0.7,1.0
225683,5,0,5,1.0,1.0,0.8,0.9,0.5,0.7,0.8,0.5,1.0,0.9,0.7,1.0
67178,7,0,7,1.0,0.6,0.8,1.0,0.4,0.6,0.7,0.5,1.0,0.7,0.7,0.9
213664,5,0,5,1.0,0.7,0.8,1.0,0.6,0.3,0.7,0.6,1.0,0.8,0.7,0.9
225542,8,0,8,1.0,0.7,0.8,1.0,0.4,0.9,0.7,0.5,1.0,0.8,0.7,1.0
66960,9,0,9,1.0,0.7,0.8,1.0,0.5,0.4,0.7,0.6,1.0,1.0,0.7,1.0
225411,6,0,6,1.0,0.7,0.8,1.0,0.5,1.0,0.8,0.5,0.8,0.8,0.7,0.9
56315,7,0,7,1.0,0.8,0.8,1.0,0.5,0.5,0.7,0.7,0.8,0.9,0.7,0.9
213839,8,0,8,1.0,0.8,0.8,0.9,0.5,0.2,0.7,0.6,1.0,0.7,0.7,1.0
213851,8,0,8,1.0,0.7,0.8,1.0,0.7,0.4,0.8,0.8,1.0,0.8,0.7,1.0
57095,10,0,10,1.0,0.9,0.8,1.0,0.6,0.3,0.7,0.5,1.0,1.0,0.7,0.9
213972,6,0,6,1.0,0.6,0.8,1.0,0.5,1.0,0.7,0.7,1.0,0.9,0.7,1.0
214138,28,0,28,1.0,0.8,0.8,1.0,0.4,0.9,0.7,0.3,1.0,0.8,0.7,1.0
55779,6,0,6,1.0,0.6,0.8,1.0,0.5,0.7,0.7,0.3,1.0,0.9,0.7,1.0
236030,6,0,6,1.0,0.7,0.8,1.0,0.5,0.8,0.7,0.9,1.0,1.0,0.7,1.0
80036,6,0,6,1.0,0.7,0.8,1.0,0.4,0.8,0.8,0.6,0.8,0.5,0.7,0.9
202147,5,0,5,1.0,0.8,0.8,1.0,0.6,0.7,0.8,0.5,1.0,0.9,0.7,1.0
96936,9,0,9,1.0,0.7,0.8,0.8,0.5,0.6,0.7,0.6,0.9,0.9,0.7,1.0
36568,5,0,5,1.0,0.7,0.8,1.0,0.8,0.6,0.7,0.7,0.9,0.7,0.7,1.0
36693,6,0,6,1.0,0.6,0.8,0.9,0.7,0.8,0.7,0.4,0.8,0.6,0.7,0.9
96880,8,0,8,1.0,0.5,0.8,1.0,0.7,0.3,0.7,0.6,0.6,0.9,0.7,0.8
185254,14,0,14,1.0,0.6,0.8,1.0,0.6,0.5,0.7,0.4,1.0,1.0,0.7,1.0
96320,10,0,10,1.0,0.8,0.8,1.0,0.4,0.5,0.7,0.6,1.0,0.9,0.7,1.0
97423,8,0,8,1.0,0.5,0.8,1.0,0.7,0.2,0.7,0.7,1.0,0.8,0.7,1.0
185450,7,0,7,1.0,0.7,0.8,1.0,0.3,0.5,0.7,0.8,1.0,1.0,0.7,0.9
96055,6,0,6,1.0,0.8,0.8,1.0,0.6,0.4,0.7,0.6,0.9,1.0,0.7,1.0
96053,7,0,7,1.0,0.5,0.8,1.0,0.6,0.6,0.7,0.7,0.9,0.8,0.7,1.0
244456,6,0,6,1.0,0.7,0.8,0.9,0.5,0.5,0.8,0.6,0.9,0.9,0.7,0.8
244452,10,0,10,1.0,0.8,0.8,1.0,0.6,0.7,0.7,0.6,1.0,0.7,0.7,0.0
244349,7,0,7,1.0,0.5,0.8,0.9,0.4,0.6,0.8,0.6,1.0,0.7,0.7,0.9
95226,8,0,8,1.0,0.6,0.8,1.0,0.5,0.4,0.7,0.3,0.7,0.9,0.7,0.9
244494,6,0,6,1.0,0.6,0.8,1.0,0.6,0.6,0.8,0.7,0.7,0.6,0.7,0.9
36938,9,0,9,1.0,0.6,0.8,0.8,0.5,0.5,0.7,0.5,1.0,1.0,0.7,0.7
97587,8,0,8,1.0,0.7,0.8,1.0,0.8,0.6,0.8,0.6,1.0,0.8,0.7,1.0
184562,7,0,7,1.0,0.4,0.8,1.0,0.6,0.3,0.8,0.7,1.0,1.0,0.7,1.0
183540,7,0,7,1.0,0.7,0.8,1.0,0.4,0.7,0.7,0.8,1.0,0.8,0.7,1.0
35793,5,0,5,1.0,0.6,0.8,1.0,0.5,0.6,0.8,0.3,0.8,0.9,0.7,0.9
183572,9,0,9,1.0,0.7,0.8,1.0,0.7,0.6,0.8,0.5,0.8,0.4,0.7,0.8
245215,6,0,6,1.0,0.8,0.8,1.0,0.8,0.9,0.7,0.5,1.0,1.0,0.7,1.0
99193,7,0,7,1.0,0.8,0.8,1.0,0.5,0.6,0.7,0.5,1.0,0.8,0.7,1.0
98861,5,0,5,1.0,0.4,0.8,1.0,0.7,0.3,0.8,0.6,1.0,0.8,0.7,0.8
36307,5,0,5,1.0,0.7,0.8,1.0,0.4,0.4,0.7,0.5,0.9,0.8,0.7,1.0
184223,5,0,5,1.0,0.9,0.8,1.0,0.4,0.2,0.7,0.8,0.8,0.9,0.7,1.0
245102,7,0,7,1.0,0.8,0.8,1.0,0.5,0.5,0.7,0.7,0.8,0.4,0.7,0.9
35998,5,0,5,1.0,0.9,0.8,0.8,0.5,0.6,0.8,0.5,0.7,0.5,0.7,0.9
184310,9,0,9,1.0,0.7,0.8,1.0,0.8,0.6,0.7,0.4,0.9,0.5,0.7,1.0
98628,17,0,17,1.0,0.6,0.8,0.9,0.8,0.4,0.7,0.4,0.6,0.8,0.7,1.0
98344,6,0,6,1.0,0.8,0.8,0.6,0.6,0.7,0.7,0.4,0.7,0.3,0.7,0.6
98320,6,0,6,1.0,0.7,0.8,1.0,0.5,0.5,0.8,0.5,1.0,0.9,0.7,0.9
98722,9,0,9,1.0,1.0,0.8,1.0,0.6,0.6,0.7,0.4,1.0,0.8,0.7,0.9
36978,8,0,8,1.0,0.8,0.8,0.6,0.4,0.5,0.7,0.3,0.4,0.9,0.7,0.6
186533,5,0,5,1.0,0.9,0.8,0.9,0.4,0.6,0.7,0.4,1.0,1.0,0.7,0.5
37227,19,0,19,1.0,0.5,0.8,0.9,0.7,0.5,0.7,0.4,0.7,1.0,0.7,0.9
38081,5,0,5,1.0,0.8,0.8,0.9,0.5,0.9,0.7,0.6,1.0,0.6,0.7,1.0
188379,8,0,8,1.0,0.5,0.8,0.9,0.7,0.9,0.8,0.6,0.6,0.5,0.7,0.5
38250,8,0,8,1.0,0.9,0.8,1.0,0.4,0.5,0.7,0.5,1.0,0.9,0.7,1.0
188518,6,0,6,1.0,0.6,0.8,1.0,0.5,0.7,0.7,0.2,1.0,0.8,0.7,0.8
93513,5,0,5,1.0,0.6,0.8,1.0,0.5,0.6,0.7,0.8,1.0,0.8,0.7,1.0
93421,5,0,5,1.0,0.5,0.8,1.0,0.3,0.5,0.7,0.7,1.0,0.8,0.7,1.0
243429,6,0,6,1.0,0.9,0.8,0.8,0.7,0.9,0.7,0.6,0.7,1.0,0.7,0.9
243075,9,0,9,1.0,0.8,0.8,0.9,0.8,0.8,0.7,0.3,0.9,0.7,0.7,1.0
38590,9,0,9,1.0,0.6,0.8,1.0,0.5,0.6,0.8,0.7,0.8,0.4,0.7,1.0
38654,11,0,11,1.0,0.7,0.8,0.9,0.8,0.6,0.8,0.5,1.0,1.0,0.7,1.0
93308,5,0,5,1.0,0.6,0.8,1.0,0.7,0.7,0.8,0.5,0.9,0.8,0.7,1.0
93105,5,0,5,1.0,0.8,0.8,1.0,0.6,0.8,0.8,0.3,1.0,0.9,0.7,0.9
189005,5,0,5,1.0,0.9,0.8,1.0,0.4,0.8,0.7,0.5,1.0,0.8,0.7,0.9
189151,5,0,5,1.0,0.8,0.8,0.7,0.5,0.8,0.8,0.5,0.7,0.9,0.7,0.3
188696,13,0,13,1.0,0.7,0.8,1.0,0.4,0.5,0.7,0.7,0.9,0.9,0.7,1.0
243448,8,0,8,1.0,0.8,0.8,1.0,0.6,0.4,0.7,0.3,1.0,0.9,0.7,1.0
93615,5,0,5,1.0,0.7,0.8,1.0,0.5,0.6,0.8,0.5,0.9,0.9,0.7,1.0
188027,7,0,7,1.0,0.6,0.8,0.8,0.6,0.2,0.7,0.5,0.9,0.9,0.7,0.9
94997,5,0,5,1.0,0.6,0.8,0.7,0.5,0.4,0.7,0.8,0.8,0.6,0.7,0.4
94843,5,0,5,1.0,0.7,0.8,0.9,0.5,0.6,0.7,0.5,0.8,0.4,0.7,1.0
186899,5,0,5,1.0,0.6,0.8,1.0,0.7,0.6,0.7,0.5,1.0,0.7,0.7,0.7
37605,6,0,6,1.0,0.7,0.8,1.0,0.8,0.7,0.7,0.6,0.8,0.8,0.7,1.0
94495,7,0,7,1.0,0.6,0.8,1.0,0.4,0.5,0.8,0.5,0.9,0.7,0.7,1.0
37623,12,0,12,1.0,0.6,0.8,1.0,0.5,0.4,0.8,0.6,1.0,0.4,0.7,0.9
94213,5,0,5,1.0,0.7,0.8,0.8,0.5,0.7,0.7,0.4,0.9,1.0,0.7,0.5
37790,6,0,6,1.0,0.8,0.8,0.9,0.7,0.4,0.7,0.8,0.8,0.2,0.7,0.8
243863,5,0,5,1.0,0.7,0.8,1.0,0.6,0.8,0.8,0.6,1.0,1.0,0.7,0.5
187990,8,0,8,1.0,0.7,0.8,1.0,0.4,0.9,0.8,0.3,0.9,1.0,0.7,1.0
93630,5,0,5,1.0,0.6,0.8,0.9,0.5,0.3,0.7,0.8,0.9,0.7,0.7,1.0
37817,5,0,5,1.0,0.6,0.8,0.8,0.8,0.5,0.7,0.5,1.0,1.0,0.7,1.0
243745,8,0,8,1.0,0.8,0.8,0.9,0.8,0.3,0.7,0.4,0.9,1.0,0.7,0.7
243720,11,0,11,1.0,0.6,0.8,1.0,0.8,0.8,0.7,0.5,1.0,1.0,0.7,1.0
188022,28,0,28,1.0,0.4,0.8,1.0,0.4,0.5,0.8,0.5,1.0,0.8,0.7,0.8
99252,6,0,6,1.0,0.3,0.8,1.0,0.8,0.5,0.7,0.4,1.0,1.0,0.7,1.0
35631,6,0,6,1.0,0.8,0.8,1.0,0.5,0.5,0.7,0.7,1.0,0.8,0.7,0.8
99322,7,0,7,1.0,0.7,0.8,1.0,0.7,0.9,0.7,0.6,1.0,0.6,0.7,1.0
183142,7,0,7,1.0,0.6,0.8,1.0,0.5,0.7,0.8,0.5,1.0,0.6,0.7,0.6
104447,5,0,5,1.0,0.7,0.8,1.0,0.5,0.9,0.8,0.7,1.0,0.7,0.7,1.0
32250,10,0,10,1.0,0.7,0.8,1.0,0.9,0.1,0.8,0.5,1.0,0.9,0.7,1.0
179534,5,0,5,1.0,1.0,0.8,0.9,0.5,0.8,0.7,0.5,0.8,0.9,0.7,0.8
247966,6,0,6,1.0,0.6,0.8,1.0,0.5,0.6,0.7,0.7,1.0,0.6,0.7,1.0
32329,9,0,9,1.0,0.8,0.8,1.0,0.4,0.3,0.7,0.4,1.0,0.9,0.7,1.0
104437,6,0,6,1.0,0.6,0.8,1.0,0.7,0.6,0.8,0.5,0.8,0.4,0.7,1.0
104569,7,0,7,1.0,0.9,0.8,1.0,0.6,0.7,0.7,0.5,0.9,0.5,0.7,0.9
247855,6,0,6,1.0,0.5,0.8,0.9,0.5,0.6,0.7,0.5,1.0,1.0,0.7,0.9
104243,15,0,15,1.0,0.8,0.8,1.0,0.9,0.9,0.7,0.8,1.0,1.0,0.7,1.0
104051,11,0,11,1.0,0.8,0.8,1.0,0.8,0.4,0.7,0.5,1.0,1.0,0.7,1.0
247518,5,0,5,1.0,0.5,0.8,1.0,0.5,0.6,0.7,0.6,0.9,0.9,0.7,0.9
179857,12,0,12,1.0,0.9,0.8,1.0,0.5,0.5,0.8,0.5,1.0,0.4,0.7,0.3
33200,9,0,9,1.0,0.6,0.8,1.0,0.6,0.6,0.7,0.7,1.0,0.6,0.7,0.7
103496,8,0,8,1.0,0.8,0.8,1.0,0.5,0.9,0.7,0.5,1.0,0.9,0.7,1.0
247829,8,0,8,1.0,0.8,0.8,1.0,0.4,0.5,0.8,0.4,1.0,0.9,0.7,0.9
178961,6,0,6,1.0,0.8,0.8,1.0,0.5,0.5,0.7,0.5,0.9,0.9,0.7,0.9
248259,8,0,8,1.0,0.5,0.8,1.0,0.5,0.6,0.7,0.6,0.9,0.5,0.7,0.8
104925,10,0,10,1.0,0.7,0.8,1.0,0.6,0.7,0.8,0.4,1.0,0.6,0.7,1.0
177237,6,0,6,1.0,0.8,0.8,1.0,0.3,0.4,0.8,0.7,0.9,0.8,0.7,1.0
106282,5,0,5,1.0,0.6,0.8,1.0,0.4,0.9,0.7,0.5,0.9,0.9,0.7,1.0
177349,9,0,9,1.0,0.7,0.8,1.0,0.5,0.6,0.7,0.4,1.0,1.0,0.7,1.0
106059,10,0,10,1.0,0.7,0.8,1.0,1.0,0.6,0.8,0.7,1.0,0.8,0.7,1.0
178058,6,0,6,1.0,0.8,0.8,1.0,0.5,0.6,0.7,0.7,1.0,0.8,0.7,1.0
178130,11,0,11,1.0,0.7,0.8,1.0,0.6,0.5,0.7,0.7,1.0,0.7,0.7,1.0
31688,6,0,6,1.0,0.7,0.8,0.9,0.5,0.6,0.7,0.6,0.8,0.8,0.7,0.8
178240,19,0,19,1.0,0.6,0.8,1.0,0.5,0.6,0.8,0.6,0.9,0.7,0.7,0.9
31900,6,0,6,1.0,0.7,0.8,0.8,0.5,0.5,0.7,0.3,0.6,1.0,0.7,0.6
105317,5,0,5,1.0,0.9,0.8,1.0,0.5,0.4,0.7,0.6,0.9,1.0,0.7,0.9
178733,5,0,5,1.0,0.7,0.8,1.0,0.4,0.3,0.8,0.5,1.0,0.6,0.7,0.9
105101,5,0,5,1.0,0.5,0.8,0.9,0.5,0.7,0.8,0.5,1.0,0.9,0.7,0.9
248492,9,0,9,1.0,0.7,0.8,1.0,0.6,0.5,0.8,0.4,0.9,0.9,0.7,0.7
32034,8,0,8,1.0,0.6,0.8,0.9,0.4,0.2,0.7,0.4,0.8,0.9,0.7,0.9
32087,5,0,5,1.0,0.7,0.8,0.9,0.6,1.0,0.7,1.0,0.8,1.0,0.7,0.9
102772,13,0,13,1.0,0.7,0.8,1.0,0.4,0.3,0.7,0.4,1.0,0.5,0.7,1.0
189235,5,0,5,1.0,0.4,0.8,1.0,0.6,0.7,0.7,0.5,0.7,0.9,0.7,0.9
247278,5,0,5,1.0,0.2,0.8,1.0,0.5,0.2,0.8,0.8,1.0,0.9,0.7,1.0
180860,7,0,7,1.0,0.6,0.8,0.9,0.5,0.4,0.7,0.7,0.9,0.6,0.7,1.0
246246,5,0,5,1.0,0.7,0.8,1.0,0.7,0.5,0.7,0.5,1.0,0.3,0.7,0.7
101041,6,0,6,1.0,0.7,0.8,1.0,0.6,0.3,0.8,0.5,1.0,1.0,0.7,0.9
246216,9,0,9,1.0,1.0,0.8,0.9,0.7,0.9,0.8,0.7,0.9,0.6,0.7,0.8
34600,12,0,12,1.0,0.7,0.8,1.0,0.6,0.4,0.7,0.4,1.0,0.4,0.7,1.0
182403,12,0,12,1.0,0.7,0.8,1.0,0.5,0.5,0.7,0.6,1.0,0.8,0.7,1.0
100984,5,0,5,1.0,0.7,0.8,1.0,0.5,0.6,0.7,0.5,1.0,1.0,0.7,1.0
101141,9,0,9,1.0,0.8,0.8,1.0,0.7,0.5,0.8,0.6,1.0,0.9,0.7,1.0
34840,5,0,5,1.0,0.9,0.8,0.9,0.6,0.6,0.7,0.4,1.0,0.6,0.7,0.9
100903,6,0,6,1.0,1.0,0.8,1.0,0.4,0.8,0.7,0.4,1.0,0.8,0.7,1.0
100471,7,0,7,1.0,0.6,0.8,1.0,0.7,0.6,0.8,0.6,0.6,0.9,0.7,0.9
100460,5,0,5,1.0,0.7,0.8,0.9,0.5,0.6,0.7,0.6,0.7,0.6,0.7,1.0
245616,6,0,6,1.0,0.6,0.8,1.0,0.8,0.8,0.7,0.6,1.0,1.0,0.7,1.0
245604,9,0,9,1.0,0.6,0.8,1.0,0.5,0.7,0.8,0.6,1.0,0.3,0.7,0.5
100223,7,0,7,1.0,0.8,0.8,0.9,0.8,0.5,0.8,0.6,0.9,0.9,0.7,0.9
245814,5,0,5,1.0,0.6,0.8,1.0,0.5,0.8,0.7,0.3,0.9,1.0,0.7,1.0
182275,7,0,7,1.0,0.8,0.8,0.9,0.6,0.6,0.7,0.3,1.0,0.8,0.7,0.9
246388,5,0,5,1.0,0.8,0.8,0.9,0.5,0.9,0.7,0.7,0.7,0.7,0.7,0.8
182117,8,0,8,1.0,0.9,0.8,1.0,0.5,0.7,0.7,0.6,1.0,0.7,0.7,1.0
102564,13,0,13,1.0,0.9,0.8,1.0,0.6,0.7,0.7,0.7,1.0,0.4,0.7,1.0
102430,5,0,5,1.0,0.7,0.8,0.9,0.6,0.5,0.8,0.4,0.9,1.0,0.7,0.9
102284,5,0,5,1.0,0.7,0.8,0.9,0.3,0.8,0.7,0.6,0.9,1.0,0.7,1.0
33614,7,0,7,1.0,0.6,0.8,1.0,0.5,0.6,0.7,0.5,0.9,0.9,0.7,1.0
181436,7,0,7,1.0,0.7,0.8,0.9,0.8,1.0,0.7,0.6,1.0,0.6,0.7,0.9
102130,5,0,5,1.0,0.5,0.8,1.0,0.5,0.4,0.7,0.5,1.0,0.6,0.7,0.7
102019,5,0,5,1.0,0.8,0.8,1.0,0.5,0.3,0.7,0.5,0.7,0.9,0.7,1.0
101887,5,0,5,1.0,0.9,0.8,1.0,0.5,0.4,0.7,0.6,1.0,0.8,0.7,1.0
101874,7,0,7,1.0,0.6,0.8,1.0,0.5,1.0,0.7,0.5,1.0,0.7,0.7,1.0
181896,7,0,7,1.0,0.5,0.8,1.0,0.6,0.4,0.7,0.5,1.0,0.9,0.7,1.0
33862,12,0,12,1.0,0.8,0.8,1.0,0.3,0.7,0.7,0.5,0.9,0.8,0.7,1.0
221309,5,0,5,1.0,0.0,0.8,1.0,0.5,0.6,0.7,0.6,0.9,0.7,0.7,0.3
101517,5,0,5,1.0,0.7,0.8,1.0,0.5,0.5,0.8,0.6,1.0,0.3,0.7,0.8
101513,5,0,5,1.0,0.4,0.8,1.0,0.5,0.6,0.7,0.4,0.9,0.4,0.7,1.0
34087,12,0,12,1.0,0.9,0.8,1.0,0.5,1.0,0.7,0.5,1.0,0.9,0.7,1.0
102581,7,0,7,1.0,0.5,0.8,1.0,0.6,0.3,0.8,0.6,1.0,0.9,0.7,1.0
242843,6,0,6,1.0,0.4,0.8,1.0,0.5,0.6,0.8,0.6,0.8,1.0,0.7,0.9
38718,8,0,8,1.0,0.7,0.8,0.9,0.7,0.5,0.7,0.6,0.9,1.0,0.7,1.0
92696,6,0,6,1.0,0.8,0.8,1.0,0.5,0.6,0.8,0.6,0.9,1.0,0.7,0.6
198216,7,0,7,1.0,0.8,0.8,0.9,0.6,0.6,0.8,0.4,1.0,0.3,0.7,1.0
198483,10,0,10,1.0,0.7,0.8,1.0,0.4,0.3,0.8,0.6,0.9,0.9,0.7,0.9
238639,5,0,5,1.0,0.8,0.8,0.9,0.5,0.8,0.7,0.5,0.8,0.8,0.7,0.8
84729,9,0,9,1.0,0.7,0.8,1.0,0.6,0.7,0.8,0.6,1.0,0.9,0.7,1.0
44295,6,0,6,1.0,0.7,0.8,1.0,0.5,0.8,0.7,0.3,1.0,0.8,0.7,0.9
198557,8,0,8,1.0,0.8,0.8,1.0,0.6,0.3,0.8,0.7,0.9,1.0,0.7,1.0
238757,5,0,5,1.0,0.9,0.8,1.0,0.5,0.8,0.7,0.4,1.0,1.0,0.7,1.0
83390,5,0,5,1.0,0.8,0.8,0.6,0.4,0.2,0.7,0.6,0.7,0.7,0.7,0.7
238419,13,0,13,1.0,0.8,0.8,1.0,0.7,0.6,0.7,0.7,1.0,1.0,0.7,0.9
238400,5,0,5,1.0,0.7,0.8,1.0,0.5,0.6,0.7,0.5,1.0,0.8,0.7,1.0
83383,8,0,8,1.0,0.7,0.8,1.0,0.5,0.4,0.7,0.7,1.0,1.0,0.7,1.0
199016,9,0,9,1.0,0.8,0.8,1.0,0.5,0.4,0.8,0.5,0.9,1.0,0.7,1.0
199095,5,0,5,1.0,0.9,0.8,0.9,0.5,0.5,0.7,0.4,0.8,0.7,0.7,0.9
238179,5,0,5,1.0,0.5,0.8,1.0,0.6,1.0,0.7,0.7,1.0,0.9,0.7,1.0
44535,10,0,10,1.0,0.6,0.8,1.0,0.7,0.7,0.7,0.7,0.7,0.9,0.7,1.0
43901,6,0,6,1.0,0.5,0.8,0.9,0.2,0.6,0.7,0.6,0.8,1.0,0.7,1.0
43852,7,0,7,1.0,0.6,0.8,1.0,0.5,0.5,0.7,0.4,1.0,0.8,0.7,0.6
84900,13,0,13,1.0,1.0,0.8,1.0,0.9,0.8,0.7,0.6,1.0,0.5,0.7,1.0
196148,15,0,15,1.0,0.9,0.8,1.0,0.6,0.7,0.7,0.3,1.0,0.7,0.7,0.0
87688,5,0,5,1.0,0.7,0.8,1.0,0.7,0.5,0.7,0.6,0.8,1.0,0.7,1.0
86932,6,0,6,1.0,0.9,0.8,1.0,0.5,0.7,0.7,0.6,0.8,1.0,0.7,1.0
86555,7,0,7,1.0,0.6,0.8,1.0,0.5,0.4,0.7,0.3,1.0,0.5,0.7,1.0
43157,8,0,8,1.0,0.6,0.8,1.0,0.6,0.1,0.7,0.2,0.7,1.0,0.7,0.6
196886,8,0,8,1.0,0.6,0.8,1.0,0.5,0.7,0.7,0.5,1.0,0.8,0.7,0.8
86419,5,0,5,1.0,0.7,0.8,0.8,0.7,0.9,0.8,0.5,0.9,0.4,0.7,1.0
86368,5,0,5,1.0,0.8,0.8,1.0,0.5,1.0,0.7,0.4,0.9,1.0,0.7,1.0
197424,12,0,12,1.0,0.9,0.8,1.0,0.7,1.0,0.7,0.5,1.0,0.9,0.7,1.0
239070,10,0,10,1.0,0.6,0.8,0.8,0.5,0.4,0.8,0.4,1.0,0.3,0.7,1.0
86051,6,0,6,1.0,0.4,0.8,0.9,0.5,0.7,0.7,0.7,1.0,1.0,0.7,0.9
239020,5,0,5,1.0,0.6,0.8,0.9,0.5,0.5,0.7,0.3,0.8,0.9,0.7,0.9
197913,7,0,7,1.0,0.5,0.8,0.7,0.5,0.6,0.7,0.7,0.9,0.9,0.7,1.0
85455,5,0,5,1.0,0.8,0.8,1.0,0.5,0.3,0.7,0.4,0.8,1.0,0.7,1.0
197997,8,0,8,1.0,0.0,0.8,0.8,0.5,0.3,0.7,0.6,0.9,0.9,0.7,1.0
82901,5,0,5,1.0,0.6,0.8,0.7,0.5,0.8,0.8,0.6,0.8,0.9,0.7,0.8
87948,5,0,5,1.0,0.6,0.8,1.0,0.6,0.4,0.8,0.5,1.0,0.8,0.7,1.0
44663,7,0,7,1.0,0.7,0.8,1.0,0.4,0.3,0.7,0.6,1.0,1.0,0.7,1.0
238008,7,0,7,1.0,0.6,0.8,0.9,0.5,0.5,0.7,0.3,1.0,0.6,0.7,0.5
81303,10,0,10,1.0,0.7,0.8,1.0,0.5,0.6,0.7,0.8,1.0,0.8,0.7,1.0
45911,7,0,7,1.0,0.7,0.8,0.9,0.5,0.4,0.7,0.5,1.0,0.7,0.7,0.9
201521,5,0,5,1.0,0.6,0.8,1.0,0.7,0.7,0.7,0.8,1.0,1.0,0.7,1.0
81136,10,0,10,1.0,0.8,0.8,1.0,0.4,0.7,0.8,0.7,1.0,0.9,0.7,0.9
201568,5,0,5,1.0,0.5,0.8,1.0,0.6,0.6,0.7,0.7,1.0,0.9,0.7,1.0
81064,6,0,6,1.0,0.6,0.8,0.9,0.6,0.6,0.7,0.6,0.9,1.0,0.7,1.0
81333,5,0,5,1.0,0.8,0.8,1.0,0.5,0.6,0.7,0.5,0.9,1.0,0.7,1.0
236399,7,0,7,1.0,0.8,0.8,0.9,0.5,0.4,0.8,0.7,0.8,0.8,0.7,0.8
80996,5,0,5,1.0,0.7,0.8,1.0,0.6,0.4,0.7,0.8,1.0,0.7,0.7,0.9
46293,11,0,11,1.0,0.9,0.8,1.0,0.4,0.8,0.8,0.7,1.0,0.8,0.7,0.8
46295,8,0,8,1.0,0.9,0.8,1.0,0.5,0.5,0.8,0.4,1.0,0.9,0.7,1.0
236255,6,0,6,1.0,0.7,0.8,1.0,0.4,0.7,0.7,0.6,0.8,0.9,0.7,1.0
236235,5,0,5,1.0,0.5,0.8,1.0,0.5,0.7,0.8,0.4,1.0,0.7,0.7,0.9
80642,12,0,12,1.0,0.5,0.8,0.8,0.7,0.8,0.8,0.4,1.0,0.6,0.7,0.3
236349,6,0,6,1.0,0.9,0.8,1.0,0.7,0.6,0.7,0.7,0.9,0.7,0.7,0.3
81434,8,0,8,1.0,0.7,0.8,0.7,0.4,0.8,0.7,0.5,0.8,0.4,0.7,0.5
81459,5,0,5,1.0,0.7,0.8,1.0,0.6,0.5,0.7,0.8,1.0,0.8,0.7,1.0
236955,5,0,5,1.0,0.6,0.8,1.0,0.5,0.5,0.7,0.5,1.0,0.8,0.7,1.0
82841,7,0,7,1.0,0.6,0.8,0.9,0.5,0.6,0.7,0.3,0.7,0.9,0.7,1.0
82720,5,0,5,1.0,0.8,0.8,1.0,0.6,1.0,0.7,0.4,1.0,0.5,0.7,1.0
200252,5,0,5,1.0,0.6,0.8,0.9,0.5,0.5,0.7,0.6,0.7,0.4,0.7,1.0
200402,9,0,9,1.0,0.7,0.8,1.0,0.5,0.7,0.7,0.6,0.5,1.0,0.7,0.9
237486,10,0,10,1.0,0.6,0.8,0.9,0.6,0.6,0.8,0.5,0.6,0.9,0.7,0.6
45068,6,0,6,1.0,0.7,0.8,1.0,0.5,0.6,0.7,0.8,1.0,1.0,0.7,0.9
45078,5,0,5,1.0,0.7,0.8,1.0,0.6,0.3,0.7,0.4,1.0,1.0,0.7,1.0
237429,6,0,6,1.0,0.9,0.8,1.0,0.5,0.5,0.7,0.6,0.8,0.9,0.7,0.5
45107,13,0,13,1.0,0.8,0.8,1.0,0.4,0.5,0.7,0.1,1.0,0.7,0.7,0.8
45119,7,0,7,1.0,0.9,0.8,1.0,0.5,0.7,0.7,0.7,1.0,1.0,0.7,1.0
82391,5,0,5,1.0,0.7,0.8,1.0,0.3,0.4,0.8,0.4,0.9,0.9,0.7,1.0
81672,5,0,5,1.0,0.5,0.8,1.0,0.8,0.7,0.7,0.2,1.0,0.7,0.7,1.0
45383,8,0,8,1.0,0.5,0.8,0.9,0.9,0.4,0.7,0.4,0.9,0.4,0.7,0.9
236979,5,0,5,1.0,0.6,0.8,1.0,0.3,0.7,0.7,0.6,0.9,0.7,0.7,0.1
81578,5,0,5,1.0,0.7,0.8,1.0,0.5,0.6,0.7,0.3,1.0,1.0,0.7,0.9
238010,6,0,6,1.0,0.7,0.8,0.9,0.5,0.4,0.8,0.8,0.8,0.5,0.7,0.6
249361,5,0,5,1.0,0.7,0.8,1.0,0.6,0.7,0.7,0.4,1.0,0.8,0.7,1.0
42780,6,0,6,1.0,0.7,0.8,1.0,0.8,0.7,0.7,0.6,0.9,0.8,0.7,1.0
195965,9,0,9,1.0,0.7,0.8,1.0,0.5,0.5,0.7,0.6,1.0,0.7,0.7,1.0
191560,9,0,9,1.0,0.7,0.8,1.0,0.6,0.9,0.8,0.6,0.9,0.8,0.7,0.9
191638,5,0,5,1.0,0.7,0.8,0.9,0.7,0.6,0.7,0.5,0.7,0.7,0.7,0.7
40222,6,0,6,1.0,0.9,0.8,1.0,0.8,0.8,0.8,0.2,0.8,0.8,0.7,1.0
241799,6,0,6,1.0,0.6,0.8,1.0,0.6,0.6,0.7,0.6,0.7,0.8,0.7,0.9
191775,5,0,5,1.0,0.7,0.8,1.0,0.5,0.4,0.7,0.5,0.9,0.3,0.7,1.0
91119,7,0,7,1.0,0.7,0.8,1.0,0.7,0.9,0.7,0.6,1.0,0.9,0.7,0.9
191166,6,0,6,1.0,0.5,0.8,1.0,0.8,0.9,0.8,0.5,0.8,0.9,0.7,0.2
91017,14,0,14,1.0,0.5,0.8,1.0,0.4,0.4,0.7,0.6,1.0,0.9,0.7,1.0
192244,15,0,15,1.0,0.8,0.8,1.0,0.7,0.8,0.7,0.2,0.7,0.9,0.7,0.8
40511,7,0,7,1.0,0.4,0.8,1.0,0.6,0.4,0.7,0.8,0.9,0.3,0.7,1.0
241513,5,0,5,1.0,0.6,0.8,1.0,0.8,0.3,0.8,0.4,0.6,0.8,0.7,0.8
40612,9,0,9,1.0,0.8,0.8,0.9,0.5,0.6,0.8,0.4,0.8,1.0,0.7,1.0
90915,5,0,5,1.0,0.8,0.8,0.9,0.5,0.7,0.8,0.3,0.5,0.9,0.7,0.9
90657,12,0,12,1.0,0.9,0.8,1.0,0.8,0.7,0.8,0.6,0.8,0.8,0.7,0.9
192191,6,0,6,1.0,0.6,0.8,1.0,0.6,0.4,0.8,0.7,1.0,0.7,0.7,1.0
91875,6,0,6,1.0,0.9,0.8,1.0,0.5,0.7,0.7,0.6,0.7,0.6,0.7,1.0
190533,5,0,5,1.0,0.8,0.8,1.0,0.5,0.2,0.7,0.5,0.9,0.9,0.7,0.9
92278,5,0,5,1.0,0.6,0.8,0.9,0.5,0.8,0.8,0.6,1.0,0.7,0.7,0.9
92658,7,0,7,1.0,0.5,0.8,1.0,0.6,0.9,0.7,0.5,1.0,0.7,0.7,0.9
189747,5,0,5,1.0,1.0,0.8,1.0,0.4,0.3,0.7,0.6,0.9,0.9,0.7,0.9
189891,5,0,5,1.0,0.5,0.8,1.0,0.6,0.4,0.7,0.5,0.9,0.7,0.7,0.9
190080,7,0,7,1.0,0.7,0.8,1.0,0.4,0.5,0.7,0.5,1.0,1.0,0.7,0.9
38991,5,0,5,1.0,0.9,0.8,1.0,0.4,0.4,0.8,0.6,1.0,0.9,0.7,1.0
242458,5,0,5,1.0,0.9,0.8,0.9,0.6,0.5,0.8,0.4,1.0,0.2,0.7,0.9
190350,5,0,5,1.0,0.8,0.8,0.9,0.5,0.7,0.7,0.6,0.5,0.9,0.7,0.5
190409,5,0,5,1.0,0.7,0.8,0.9,0.5,0.5,0.7,0.4,0.9,1.0,0.7,0.6
92398,9,0,9,1.0,0.4,0.8,0.9,0.6,0.1,0.8,0.6,0.9,0.8,0.7,0.7
39284,6,0,6,1.0,0.7,0.8,1.0,0.5,0.5,0.8,0.6,1.0,0.6,0.7,0.9
39353,6,0,6,1.0,0.5,0.8,1.0,0.7,0.9,0.7,0.1,0.8,0.9,0.7,0.7
242247,6,0,6,1.0,0.9,0.8,0.8,0.5,0.6,0.7,0.5,0.9,1.0,0.7,0.6
39372,9,0,9,1.0,0.8,0.8,1.0,0.6,0.5,0.8,0.5,1.0,1.0,0.7,1.0
190479,7,0,7,1.0,0.5,0.8,1.0,0.6,0.9,0.7,0.6,0.9,1.0,0.7,0.9
39441,12,0,12,1.0,0.6,0.8,1.0,0.6,0.4,0.7,0.5,1.0,0.8,0.7,0.9
241265,8,0,8,1.0,0.7,0.8,1.0,0.3,0.3,0.7,0.5,0.6,0.4,0.7,1.0
42611,6,0,6,1.0,0.5,0.8,0.8,0.5,0.9,0.7,0.5,1.0,1.0,0.7,1.0
90614,9,0,9,1.0,0.5,0.8,1.0,0.6,0.7,0.7,0.5,1.0,0.8,0.7,1.0
193350,9,0,9,1.0,0.8,0.8,1.0,0.7,0.3,0.7,0.8,1.0,0.8,0.7,1.0
194556,6,0,6,1.0,0.8,0.8,1.0,0.5,0.2,0.7,0.4,0.9,1.0,0.7,0.9
41667,5,0,5,1.0,0.5,0.8,1.0,0.5,0.8,0.7,0.3,0.8,1.0,0.7,0.9
89852,7,0,7,1.0,0.6,0.8,1.0,0.5,0.5,0.7,0.6,1.0,0.7,0.7,0.8
194639,5,0,5,1.0,0.7,0.8,0.7,0.6,0.7,0.7,0.6,0.7,1.0,0.7,0.9
89307,7,0,7,1.0,0.9,0.8,1.0,0.8,0.5,0.7,0.5,1.0,0.6,0.7,1.0
88738,20,0,20,1.0,0.8,0.8,1.0,0.6,0.3,0.7,0.7,0.9,1.0,0.7,0.9
41634,8,0,8,1.0,0.4,0.8,1.0,0.6,0.3,0.8,0.3,1.0,0.7,0.7,1.0
195049,7,0,7,1.0,0.6,0.8,1.0,0.7,0.6,0.7,0.5,0.7,0.9,0.7,1.0
240111,5,0,5,1.0,0.7,0.8,1.0,0.6,0.5,0.8,0.5,0.9,0.6,0.7,0.9
88574,5,0,5,1.0,0.6,0.8,0.9,0.5,0.6,0.7,0.5,0.9,0.6,0.7,0.9
240051,15,0,15,1.0,0.8,0.8,1.0,0.6,0.6,0.8,0.6,1.0,1.0,0.7,1.0
239834,5,0,5,1.0,0.9,0.8,0.7,0.6,0.7,0.7,0.6,0.9,0.8,0.7,0.8
195182,8,0,8,1.0,0.9,0.8,1.0,0.5,0.5,0.7,0.6,1.0,1.0,0.7,1.0
88299,5,0,5,1.0,0.8,0.8,0.7,0.7,0.8,0.8,0.9,0.8,0.9,0.7,0.9
42372,6,0,6,1.0,0.9,0.8,1.0,0.5,0.6,0.8,0.5,0.9,0.7,0.7,1.0
194287,12,0,12,1.0,0.6,0.8,1.0,0.6,0.5,0.8,0.6,1.0,1.0,0.7,1.0
194205,5,0,5,1.0,0.6,0.8,1.0,0.5,0.4,0.7,0.3,1.0,0.9,0.7,1.0
90075,8,0,8,1.0,0.9,0.8,1.0,0.9,0.4,0.8,0.5,0.9,0.8,0.7,1.0
241100,5,0,5,1.0,0.7,0.8,1.0,0.5,0.7,0.7,0.5,1.0,0.3,0.7,0.3
90517,7,0,7,1.0,0.8,0.8,1.0,0.6,0.6,0.7,0.8,0.7,0.9,0.7,0.8
193448,5,0,5,1.0,0.6,0.8,0.8,0.3,0.2,0.7,0.5,0.9,0.3,0.7,0.7
241042,9,0,9,1.0,0.7,0.8,1.0,0.5,0.6,0.8,0.7,0.9,0.9,0.7,1.0
240932,5,0,5,1.0,0.9,0.8,0.7,0.5,0.6,0.7,0.5,0.8,0.8,0.7,0.8
240906,14,0,14,1.0,0.9,0.8,1.0,0.4,0.4,0.7,0.8,1.0,1.0,0.7,0.9
41058,5,0,5,1.0,0.6,0.8,0.9,0.5,0.4,0.8,0.6,0.9,0.9,0.7,1.0
90322,7,0,7,1.0,0.7,0.8,1.0,0.7,0.6,0.8,0.6,0.9,0.7,0.7,1.0
240756,11,0,11,1.0,0.8,0.8,1.0,0.7,1.0,0.7,0.5,0.9,0.8,0.7,1.0
193610,5,0,5,1.0,0.5,0.8,1.0,0.4,0.4,0.7,0.7,0.9,0.8,0.7,0.2
41086,5,0,5,1.0,0.6,0.8,1.0,0.4,1.0,0.7,0.8,0.8,0.3,0.7,0.9
41088,5,0,5,1.0,0.6,0.8,1.0,0.5,0.3,0.7,0.5,1.0,0.9,0.7,1.0
240609,6,0,6,1.0,0.7,0.8,1.0,0.5,0.5,0.7,0.9,1.0,0.9,0.7,1.0
41111,9,0,9,1.0,0.6,0.8,0.9,0.6,0.8,0.7,0.7,1.0,0.6,0.7,0.3
193819,7,0,7,1.0,0.4,0.8,1.0,0.5,0.4,0.7,0.4,1.0,0.8,0.7,1.0
193156,5,0,5,1.0,0.6,0.8,0.8,0.6,0.5,0.7,0.8,0.8,0.7,0.7,0.8
69775,10,0,10,1.0,0.7,0.8,1.0,0.5,0.4,0.8,0.4,0.8,0.7,0.7,0.2
